{
  "ema": {
    "1d": {
      "value": 11.295185573153475
    },
    "1w": {
      "value": 12.339504408754335
    }
  },
  "macd": {
    "1d": {
      "valueMACD": 0.1542059839018446,
      "valueMACDSignal": 0.19673027528118414,
      "valueMACDHist": -0.04252429137933955
    },
    "1w": {
      "valueMACD": -0.7636227921800742,
      "valueMACDSignal": -0.8433984210938531,
      "valueMACDHist": 0.07977562891377887
    }
  },
  "rsi": {
    "1d": {
      "value": 45.99421730615285
    },
    "1w": {
      "value": 42.4227659930425
    }
  },
  "stoch": {
    "1d": {
      "valueK": 55.29163295109925,
      "valueD": 71.02960842294647
    },
    "1w": {
      "valueK": 36.039525798437815,
      "valueD": 50.96510232211076
    }
  },
  "bbands": {
    "1d": {
      "valueUpperBand": 12.02246932418938,
      "valueMiddleBand": 11.533500000000007,
      "valueLowerBand": 11.044530675810634
    },
    "1w": {
      "valueUpperBand": 15.571641097300649,
      "valueMiddleBand": 11.763249999999998,
      "valueLowerBand": 7.954858902699347
    }
  },
  "obv": {
    "1d": {
      "value": -404467434
    },
    "1w": {
      "value": 1093442834
    }
  }
}