{
  "ema": {
    "1d": {
      "value": 203.41423133306452
    },
    "1w": {
      "value": 213.52788934313952
    }
  },
  "macd": {
    "1d": {
      "valueMACD": -1.2007901108914325,
      "valueMACDSignal": -1.1716666374394564,
      "valueMACDHist": -0.02912347345197608
    },
    "1w": {
      "valueMACD": -7.32007658019927,
      "valueMACDSignal": -6.438104183467759,
      "valueMACDHist": -0.881972396731511
    }
  },
  "rsi": {
    "1d": {
      "value": 43.54181983659802
    },
    "1w": {
      "value": 43.01665671937986
    }
  },
  "stoch": {
    "1d": {
      "valueK": 22.076262677326614,
      "valueD": 35.24492492133297
    },
    "1w": {
      "valueK": 40.354498059476875,
      "valueD": 40.29884119008707
    }
  },
  "bbands": {
    "1d": {
      "valueUpperBand": 212.16754148237396,
      "valueMiddleBand": 203.29614000000004,
      "valueLowerBand": 194.4247385176261
    },
    "1w": {
      "valueUpperBand": 247.68769749386848,
      "valueMiddleBand": 212.92413500000004,
      "valueLowerBand": 178.1605725061316
    }
  },
  "obv": {
    "1d": {
      "value": 1540062044
    },
    "1w": {
      "value": 18926010536
    }
  }
}