{
  "ema": {
    "1d": {
      "value": 187.27199637068455
    },
    "1w": {
      "value": 188.45020983299082
    }
  },
  "macd": {
    "1d": {
      "valueMACD": 0.7758976205100225,
      "valueMACDSignal": -0.03749014311047871,
      "valueMACDHist": 0.8133877636205012
    },
    "1w": {
      "valueMACD": -0.010770985061554939,
      "valueMACDSignal": 0.6010577422920387,
      "valueMACDHist": -0.6118287273535936
    }
  },
  "rsi": {
    "1d": {
      "value": 58.32070685431684
    },
    "1w": {
      "value": 51.82126818602127
    }
  },
  "stoch": {
    "1d": {
      "valueK": 69.38048210454595,
      "valueD": 71.16481806271455
    },
    "1w": {
      "valueK": 71.61661485496475,
      "valueD": 58.60300507781517
    }
  },
  "bbands": {
    "1d": {
      "valueUpperBand": 192.0043547703453,
      "valueMiddleBand": 185.52884500000002,
      "valueLowerBand": 179.05333522965475
    },
    "1w": {
      "valueUpperBand": 217.60450326407,
      "valueMiddleBand": 193.71596999999986,
      "valueLowerBand": 169.82743673592972
    }
  },
  "obv": {
    "1d": {
      "value": 88544436
    },
    "1w": {
      "value": 1118069754
    }
  }
}