{
  "ema": {
    "1d": {
      "value": 132.69091402966853
    },
    "1w": {
      "value": 127.48651090734823
    }
  },
  "macd": {
    "1d": {
      "valueMACD": 0.7312354305671249,
      "valueMACDSignal": 0.6826934382952696,
      "valueMACDHist": 0.048541992271855294
    },
    "1w": {
      "valueMACD": 3.6813186426002176,
      "valueMACDSignal": 3.8619092134346897,
      "valueMACDHist": -0.18059057083447216
    }
  },
  "rsi": {
    "1d": {
      "value": 59.072206814046545
    },
    "1w": {
      "value": 60.60431572996766
    }
  },
  "stoch": {
    "1d": {
      "valueK": 76.22523798155412,
      "valueD": 66.89073928313324
    },
    "1w": {
      "valueK": 71.55653361044905,
      "valueD": 65.74158231024002
    }
  },
  "bbands": {
    "1d": {
      "valueUpperBand": 136.3203137766808,
      "valueMiddleBand": 133.24989999999997,
      "valueLowerBand": 130.17948622331915
    },
    "1w": {
      "valueUpperBand": 138.88815780606242,
      "valueMiddleBand": 131.64315000000008,
      "valueLowerBand": 124.39814219393773
    }
  },
  "obv": {
    "1d": {
      "value": 117915953
    },
    "1w": {
      "value": 516274247
    }
  }
}