{
  "ema": {
    "1d": {
      "value": 404.1763896019305
    },
    "1w": {
      "value": 423.2238473192465
    }
  },
  "macd": {
    "1d": {
      "valueMACD": 7.064401570775317,
      "valueMACDSignal": 8.109085466525077,
      "valueMACDHist": -1.0446838957497597
    },
    "1w": {
      "valueMACD": -13.395086609534815,
      "valueMACDSignal": -21.367228155147036,
      "valueMACDHist": 7.972141545612221
    }
  },
  "rsi": {
    "1d": {
      "value": 58.22981486577138
    },
    "1w": {
      "value": 48.037343749270455
    }
  },
  "stoch": {
    "1d": {
      "valueK": 48.806290473706355,
      "valueD": 64.77021098240346
    },
    "1w": {
      "valueK": 75.30323758383803,
      "valueD": 79.98487155141792
    }
  },
  "bbands": {
    "1d": {
      "valueUpperBand": 423.0335814401989,
      "valueMiddleBand": 412.8422850000003,
      "valueLowerBand": 402.6509885598017
    },
    "1w": {
      "valueUpperBand": 467.98631132627065,
      "valueMiddleBand": 402.8913599999998,
      "valueLowerBand": 337.79640867372893
    }
  },
  "obv": {
    "1d": {
      "value": -56796907
    },
    "1w": {
      "value": -60122217
    }
  }
}