{
  "ema": {
    "1d": {
      "value": 215.675538997968
    },
    "1w": {
      "value": 211.93425837189466
    }
  },
  "macd": {
    "1d": {
      "valueMACD": 5.999862805377376,
      "valueMACDSignal": 5.177811804170222,
      "valueMACDHist": 0.8220510012071536
    },
    "1w": {
      "valueMACD": 1.8021381966422894,
      "valueMACDSignal": -2.0692643352848465,
      "valueMACDHist": 3.871402531927136
    }
  },
  "rsi": {
    "1d": {
      "value": 70.0103447374001
    },
    "1w": {
      "value": 58.07557496354784
    }
  },
  "stoch": {
    "1d": {
      "valueK": 88.90030480020498,
      "valueD": 83.76106240278692
    },
    "1w": {
      "valueK": 72.89851816288011,
      "valueD": 69.45948181666635
    }
  },
  "bbands": {
    "1d": {
      "valueUpperBand": 234.04146654715854,
      "valueMiddleBand": 221.15140500000007,
      "valueLowerBand": 208.2613434528416
    },
    "1w": {
      "valueUpperBand": 246.65375066301908,
      "valueMiddleBand": 208.76511500000004,
      "valueLowerBand": 170.876479336981
    }
  },
  "obv": {
    "1d": {
      "value": 16386621
    },
    "1w": {
      "value": 275861073
    }
  }
}