{
  "ema": {
    "1d": {
      "value": 48.122369110550466
    },
    "1w": {
      "value": 49.65994282535675
    }
  },
  "macd": {
    "1d": {
      "valueMACD": -0.03420408914296047,
      "valueMACDSignal": -0.007261228446374779,
      "valueMACDHist": -0.02694286069658569
    },
    "1w": {
      "valueMACD": -1.1139516087034806,
      "valueMACDSignal": -1.6036507318054793,
      "valueMACDHist": 0.4896991231019987
    }
  },
  "rsi": {
    "1d": {
      "value": 54.43941400541574
    },
    "1w": {
      "value": 48.35109577605547
    }
  },
  "stoch": {
    "1d": {
      "valueK": 87.249469206397,
      "valueD": 68.55120313728828
    },
    "1w": {
      "valueK": 28.839234385615693,
      "valueD": 20.441974879437808
    }
  },
  "bbands": {
    "1d": {
      "valueUpperBand": 50.24454467677968,
      "valueMiddleBand": 48.4315,
      "valueLowerBand": 46.61845532322032
    },
    "1w": {
      "valueUpperBand": 50.38230046367298,
      "valueMiddleBand": 47.46000000000004,
      "valueLowerBand": 44.5376995363271
    }
  },
  "obv": {
    "1d": {
      "value": -103953757
    },
    "1w": {
      "value": -6871912
    }
  }
}