{
  "ema": {
    "1d": {
      "value": 57.65864155145901
    },
    "1w": {
      "value": 56.97811041720065
    }
  },
  "macd": {
    "1d": {
      "valueMACD": 1.41330494490348,
      "valueMACDSignal": 1.3210809620757806,
      "valueMACDHist": 0.09222398282769939
    },
    "1w": {
      "valueMACD": 0.2602550261359369,
      "valueMACDSignal": -0.5015165062965029,
      "valueMACDHist": 0.7617715324324398
    }
  },
  "rsi": {
    "1d": {
      "value": 65.6180773671244
    },
    "1w": {
      "value": 57.07864896131255
    }
  },
  "stoch": {
    "1d": {
      "valueK": 85.34177465136365,
      "valueD": 79.937450750792
    },
    "1w": {
      "valueK": 68.00438262291907,
      "valueD": 66.06770028093952
    }
  },
  "bbands": {
    "1d": {
      "valueUpperBand": 62.080710109442734,
      "valueMiddleBand": 59.107994999999995,
      "valueLowerBand": 56.13527989055726
    },
    "1w": {
      "valueUpperBand": 68.09150857260927,
      "valueMiddleBand": 56.18224500000005,
      "valueLowerBand": 44.272981427390825
    }
  },
  "obv": {
    "1d": {
      "value": 52983906
    },
    "1w": {
      "value": 259553379
    }
  }
}