{
  "ema": {
    "1d": {
      "value": 291.1954214039904
    },
    "1w": {
      "value": 282.2763005010785
    }
  },
  "macd": {
    "1d": {
      "valueMACD": 4.299744157258942,
      "valueMACDSignal": 5.421742326934329,
      "valueMACDHist": -1.1219981696753862
    },
    "1w": {
      "valueMACD": 4.939023566321225,
      "valueMACDSignal": 2.0983394957235086,
      "valueMACDHist": 2.8406840705977165
    }
  },
  "rsi": {
    "1d": {
      "value": 59.344826632377845
    },
    "1w": {
      "value": 57.168299487053666
    }
  },
  "stoch": {
    "1d": {
      "valueK": 60.18738713838203,
      "valueD": 62.59314343124626
    },
    "1w": {
      "valueK": 53.04510313134224,
      "valueD": 66.92333878828045
    }
  },
  "bbands": {
    "1d": {
      "valueUpperBand": 300.38057678264875,
      "valueMiddleBand": 296.88474999999994,
      "valueLowerBand": 293.38892321735113
    },
    "1w": {
      "valueUpperBand": 315.93838561132617,
      "valueMiddleBand": 279.54078000000027,
      "valueLowerBand": 243.14317438867437
    }
  },
  "obv": {
    "1d": {
      "value": 6864226
    },
    "1w": {
      "value": 89906454
    }
  }
}