{
  "ema": {
    "1d": {
      "value": 142.02466227466238
    },
    "1w": {
      "value": 139.48846915924923
    }
  },
  "macd": {
    "1d": {
      "valueMACD": -0.8655744339572493,
      "valueMACDSignal": -0.8148406257709526,
      "valueMACDHist": -0.05073380818629669
    },
    "1w": {
      "valueMACD": 2.1015372511752446,
      "valueMACDSignal": 2.678456596259587,
      "valueMACDHist": -0.5769193450843426
    }
  },
  "rsi": {
    "1d": {
      "value": 46.21739762590006
    },
    "1w": {
      "value": 50.97212893774821
    }
  },
  "stoch": {
    "1d": {
      "valueK": 65.60737662140902,
      "valueD": 52.87546874368872
    },
    "1w": {
      "valueK": 53.52489511744684,
      "valueD": 57.07034668710969
    }
  },
  "bbands": {
    "1d": {
      "valueUpperBand": 145.8250338278056,
      "valueMiddleBand": 141.33031500000004,
      "valueLowerBand": 136.83559617219447
    },
    "1w": {
      "valueUpperBand": 155.01016445691243,
      "valueMiddleBand": 141.2626900000001,
      "valueLowerBand": 127.51521554308776
    }
  },
  "obv": {
    "1d": {
      "value": 20616938
    },
    "1w": {
      "value": -74385463
    }
  }
}