{
  "ema": {
    "1d": {
      "value": 201.29822812833007
    },
    "1w": {
      "value": 183.48009005747898
    }
  },
  "macd": {
    "1d": {
      "valueMACD": 7.363887609869835,
      "valueMACDSignal": 7.73632828996881,
      "valueMACDHist": -0.37244068009897546
    },
    "1w": {
      "valueMACD": 11.341175104635198,
      "valueMACDSignal": 6.857070065664914,
      "valueMACDHist": 4.484105038970284
    }
  },
  "rsi": {
    "1d": {
      "value": 66.54703156571338
    },
    "1w": {
      "value": 63.38455751055473
    }
  },
  "stoch": {
    "1d": {
      "valueK": 72.08798017348194,
      "valueD": 64.2485783298812
    },
    "1w": {
      "valueK": 76.13395730251311,
      "valueD": 80.97618193131724
    }
  },
  "bbands": {
    "1d": {
      "valueUpperBand": 217.50312844676176,
      "valueMiddleBand": 208.0400000000001,
      "valueLowerBand": 198.57687155323845
    },
    "1w": {
      "valueUpperBand": 225.13753610520473,
      "valueMiddleBand": 182.21175000000017,
      "valueLowerBand": 139.2859638947956
    }
  },
  "obv": {
    "1d": {
      "value": 249011329
    },
    "1w": {
      "value": -864347755
    }
  }
}