{
  "ema": {
    "1d": {
      "value": 30.698993678104756
    },
    "1w": {
      "value": 31.816323395304465
    }
  },
  "macd": {
    "1d": {
      "valueMACD": 0.056711498774706826,
      "valueMACDSignal": -0.06377003334532479,
      "valueMACDHist": 0.12048153212003161
    },
    "1w": {
      "valueMACD": -0.7363524730143531,
      "valueMACDSignal": -0.8620513059265618,
      "valueMACDHist": 0.12569883291220862
    }
  },
  "rsi": {
    "1d": {
      "value": 55.85604100012711
    },
    "1w": {
      "value": 49.10519587192698
    }
  },
  "stoch": {
    "1d": {
      "valueK": 85.68691844553915,
      "valueD": 81.13384273496818
    },
    "1w": {
      "valueK": 48.60984534658934,
      "valueD": 37.57192183080849
    }
  },
  "bbands": {
    "1d": {
      "valueUpperBand": 31.883794863033177,
      "valueMiddleBand": 30.671749999999975,
      "valueLowerBand": 29.45970513696677
    },
    "1w": {
      "valueUpperBand": 35.831832262225554,
      "valueMiddleBand": 31.462000000000025,
      "valueLowerBand": 27.092167737774492
    }
  },
  "obv": {
    "1d": {
      "value": -108616511
    },
    "1w": {
      "value": -20537894
    }
  }
}