{
  "ema": {
    "1d": {
      "value": 128.5657176399616
    },
    "1w": {
      "value": 141.51211937440874
    }
  },
  "macd": {
    "1d": {
      "valueMACD": 2.6421967503512747,
      "valueMACDSignal": 2.1617576633269,
      "valueMACDHist": 0.4804390870243749
    },
    "1w": {
      "valueMACD": -8.413776185874212,
      "valueMACDSignal": -11.422799105689242,
      "valueMACDHist": 3.0090229198150293
    }
  },
  "rsi": {
    "1d": {
      "value": 58.51121519623251
    },
    "1w": {
      "value": 44.630309490055154
    }
  },
  "stoch": {
    "1d": {
      "valueK": 68.51768366522134,
      "valueD": 69.29544682635202
    },
    "1w": {
      "valueK": 78.48770992307374,
      "valueD": 79.0197855183472
    }
  },
  "bbands": {
    "1d": {
      "valueUpperBand": 136.86336510837535,
      "valueMiddleBand": 129.4053950000001,
      "valueLowerBand": 121.94742489162486
    },
    "1w": {
      "valueUpperBand": 150.4157226279252,
      "valueMiddleBand": 131.27391999999995,
      "valueLowerBand": 112.1321173720747
    }
  },
  "obv": {
    "1d": {
      "value": -35410853
    },
    "1w": {
      "value": -2210109
    }
  }
}