{
  "ema": {
    "1d": {
      "value": 48.74838884326292
    },
    "1w": {
      "value": 52.11134850980962
    }
  },
  "macd": {
    "1d": {
      "valueMACD": 0.03857411022459445,
      "valueMACDSignal": -0.45623696789338286,
      "valueMACDHist": 0.4948110781179773
    },
    "1w": {
      "valueMACD": -1.8990762769140375,
      "valueMACDSignal": -1.381771140486124,
      "valueMACDHist": -0.5173051364279135
    }
  },
  "rsi": {
    "1d": {
      "value": 59.444940857192364
    },
    "1w": {
      "value": 45.888340643727204
    }
  },
  "stoch": {
    "1d": {
      "valueK": 79.1185769337376,
      "valueD": 69.3791112649567
    },
    "1w": {
      "valueK": 80.59127322183762,
      "valueD": 69.60967019934661
    }
  },
  "bbands": {
    "1d": {
      "valueUpperBand": 50.30974408221364,
      "valueMiddleBand": 47.64299999999995,
      "valueLowerBand": 44.97625591778626
    },
    "1w": {
      "valueUpperBand": 63.20985406179861,
      "valueMiddleBand": 52.82774999999994,
      "valueLowerBand": 42.44564593820127
    }
  },
  "obv": {
    "1d": {
      "value": 175434909
    },
    "1w": {
      "value": 794063878
    }
  }
}