{
  "ema": {
    "1d": {
      "value": 23.06774282682738
    },
    "1w": {
      "value": 25.17395887924662
    }
  },
  "macd": {
    "1d": {
      "valueMACD": -0.40277868837041453,
      "valueMACDSignal": -0.46085916624503254,
      "valueMACDHist": 0.05808047787461801
    },
    "1w": {
      "valueMACD": -1.3407288260541286,
      "valueMACDSignal": -1.1839844903347512,
      "valueMACDHist": -0.1567443357193774
    }
  },
  "rsi": {
    "1d": {
      "value": 37.69304703222722
    },
    "1w": {
      "value": 31.480140257964052
    }
  },
  "stoch": {
    "1d": {
      "valueK": 48.5326126126125,
      "valueD": 41.39668995588103
    },
    "1w": {
      "valueK": 35.061363183338294,
      "valueD": 32.77263295658002
    }
  },
  "bbands": {
    "1d": {
      "valueUpperBand": 23.12384978716449,
      "valueMiddleBand": 22.619940000000007,
      "valueLowerBand": 22.116030212835522
    },
    "1w": {
      "valueUpperBand": 27.723590972592913,
      "valueMiddleBand": 24.58194000000001,
      "valueLowerBand": 21.440289027407108
    }
  },
  "obv": {
    "1d": {
      "value": -79398885
    },
    "1w": {
      "value": -86292204
    }
  }
}