{
  "ema": {
    "1d": {
      "value": 150.3702290362264
    },
    "1w": {
      "value": 136.19191986729632
    }
  },
  "macd": {
    "1d": {
      "valueMACD": 2.378735496998445,
      "valueMACDSignal": 3.120451185503538,
      "valueMACDHist": -0.7417156885050931
    },
    "1w": {
      "valueMACD": 9.232587852353305,
      "valueMACDSignal": 8.139460159601247,
      "valueMACDHist": 1.0931276927520575
    }
  },
  "rsi": {
    "1d": {
      "value": 58.48893898888624
    },
    "1w": {
      "value": 71.21297994108765
    }
  },
  "stoch": {
    "1d": {
      "valueK": 37.903510256106664,
      "valueD": 32.15468830929427
    },
    "1w": {
      "valueK": 63.66321748625779,
      "valueD": 76.07715736319989
    }
  },
  "bbands": {
    "1d": {
      "valueUpperBand": 156.5576325910168,
      "valueMiddleBand": 153.5881800000001,
      "valueLowerBand": 150.6187274089834
    },
    "1w": {
      "valueUpperBand": 162.29628726748166,
      "valueMiddleBand": 139.47118500000008,
      "valueLowerBand": 116.6460827325185
    }
  },
  "obv": {
    "1d": {
      "value": 82115261
    },
    "1w": {
      "value": 274033806
    }
  }
}