{
  "ema": {
    "1d": {
      "value": 395.2578347405538
    },
    "1w": {
      "value": 372.87189753221855
    }
  },
  "macd": {
    "1d": {
      "valueMACD": 2.5077675392272454,
      "valueMACDSignal": 4.512619637407232,
      "valueMACDHist": -2.0048520981799864
    },
    "1w": {
      "valueMACD": 12.80980537771984,
      "valueMACDSignal": 10.14436771597062,
      "valueMACDHist": 2.6654376617492197
    }
  },
  "rsi": {
    "1d": {
      "value": 52.615345963998706
    },
    "1w": {
      "value": 57.686505937773724
    }
  },
  "stoch": {
    "1d": {
      "valueK": 77.07225177304964,
      "valueD": 77.7649029954535
    },
    "1w": {
      "valueK": 29.225579727320266,
      "valueD": 32.615634961648986
    }
  },
  "bbands": {
    "1d": {
      "valueUpperBand": 428.3241302077604,
      "valueMiddleBand": 405.45038999999997,
      "valueLowerBand": 382.57664979223955
    },
    "1w": {
      "valueUpperBand": 424.57132800761315,
      "valueMiddleBand": 374.30295500000034,
      "valueLowerBand": 324.03458199238753
    }
  },
  "obv": {
    "1d": {
      "value": 12076276
    },
    "1w": {
      "value": 162967958
    }
  }
}