{
  "ema": {
    "1d": {
      "value": 91.34099967038739
    },
    "1w": {
      "value": 92.0909220388082
    }
  },
  "macd": {
    "1d": {
      "valueMACD": -0.025402366071219262,
      "valueMACDSignal": -0.08823783753988346,
      "valueMACDHist": 0.0628354714686642
    },
    "1w": {
      "valueMACD": -0.3285504979811975,
      "valueMACDSignal": -0.4575664795498987,
      "valueMACDHist": 0.1290159815687012
    }
  },
  "rsi": {
    "1d": {
      "value": 53.91008589173539
    },
    "1w": {
      "value": 50.068637736831626
    }
  },
  "stoch": {
    "1d": {
      "valueK": 78.13010482874644,
      "valueD": 57.44126159525565
    },
    "1w": {
      "valueK": 67.56892864087109,
      "valueD": 66.66642052138904
    }
  },
  "bbands": {
    "1d": {
      "valueUpperBand": 93.6926214729956,
      "valueMiddleBand": 91.23799499999994,
      "valueLowerBand": 88.78336852700428
    },
    "1w": {
      "valueUpperBand": 96.46431730886758,
      "valueMiddleBand": 91.40999500000001,
      "valueLowerBand": 86.35567269113244
    }
  },
  "obv": {
    "1d": {
      "value": -5641423
    },
    "1w": {
      "value": 310669945
    }
  }
}