{
  "ema": {
    "1d": {
      "value": 76.1139308632263
    },
    "1w": {
      "value": 85.97008776073514
    }
  },
  "macd": {
    "1d": {
      "valueMACD": -2.674923025644418,
      "valueMACDSignal": -2.4114473011929554,
      "valueMACDHist": -0.2634757244514625
    },
    "1w": {
      "valueMACD": -7.054026320296117,
      "valueMACDSignal": -6.939120809304718,
      "valueMACDHist": -0.11490551099139878
    }
  },
  "rsi": {
    "1d": {
      "value": 39.462357967318304
    },
    "1w": {
      "value": 34.651201011359404
    }
  },
  "stoch": {
    "1d": {
      "valueK": 77.70162116179917,
      "valueD": 85.30133152192762
    },
    "1w": {
      "valueK": 29.77163201548947,
      "valueD": 21.022565166092296
    }
  },
  "bbands": {
    "1d": {
      "valueUpperBand": 86.98084495571447,
      "valueMiddleBand": 75.78846500000007,
      "valueLowerBand": 64.59608504428567
    },
    "1w": {
      "valueUpperBand": 94.41792221715922,
      "valueMiddleBand": 80.46296499999988,
      "valueLowerBand": 66.50800778284055
    }
  },
  "obv": {
    "1d": {
      "value": -18900097
    },
    "1w": {
      "value": 27705530
    }
  }
}