{
  "ema": {
    "1d": {
      "value": 220.1333081489592
    },
    "1w": {
      "value": 243.0164171462864
    }
  },
  "macd": {
    "1d": {
      "valueMACD": 3.037022588021472,
      "valueMACDSignal": 3.9897117109182707,
      "valueMACDHist": -0.9526891228967989
    },
    "1w": {
      "valueMACD": -15.154089016045106,
      "valueMACDSignal": -26.30100497864492,
      "valueMACDHist": 11.146915962599813
    }
  },
  "rsi": {
    "1d": {
      "value": 52.07518579968643
    },
    "1w": {
      "value": 42.74404462158971
    }
  },
  "stoch": {
    "1d": {
      "valueK": 16.609270632080122,
      "valueD": 36.7314430407676
    },
    "1w": {
      "valueK": 54.83759641971043,
      "valueD": 70.89619421703287
    }
  },
  "bbands": {
    "1d": {
      "valueUpperBand": 230.28628300365006,
      "valueMiddleBand": 223.56646000000015,
      "valueLowerBand": 216.84663699635024
    },
    "1w": {
      "valueUpperBand": 232.50449482586268,
      "valueMiddleBand": 209.5984599999999,
      "valueLowerBand": 186.69242517413713
    }
  },
  "obv": {
    "1d": {
      "value": 43522987
    },
    "1w": {
      "value": 225944325
    }
  }
}