{
  "ema": {
    "1d": {
      "value": 79.1489511707522
    },
    "1w": {
      "value": 78.07467644151112
    }
  },
  "macd": {
    "1d": {
      "valueMACD": 0.8659718580987317,
      "valueMACDSignal": 1.080059916793031,
      "valueMACDHist": -0.21408805869429925
    },
    "1w": {
      "valueMACD": 0.48811746949795065,
      "valueMACDSignal": 0.02945824928082033,
      "valueMACDHist": 0.45865922021713035
    }
  },
  "rsi": {
    "1d": {
      "value": 59.565514153221514
    },
    "1w": {
      "value": 54.83476908976667
    }
  },
  "stoch": {
    "1d": {
      "valueK": 67.8575624437912,
      "valueD": 51.18007584921727
    },
    "1w": {
      "valueK": 73.7124178938764,
      "valueD": 80.46801417391163
    }
  },
  "bbands": {
    "1d": {
      "valueUpperBand": 81.8251267917869,
      "valueMiddleBand": 80.50400000000002,
      "valueLowerBand": 79.18287320821314
    },
    "1w": {
      "valueUpperBand": 90.32652695429583,
      "valueMiddleBand": 79.12700000000001,
      "valueLowerBand": 67.92747304570419
    }
  },
  "obv": {
    "1d": {
      "value": 109782113
    },
    "1w": {
      "value": -254923975
    }
  }
}