{
  "ema": {
    "1d": {
      "value": 63.935447341713925
    },
    "1w": {
      "value": 62.48735669403714
    }
  },
  "macd": {
    "1d": {
      "valueMACD": -0.08466991904958832,
      "valueMACDSignal": -0.5140393823838065,
      "valueMACDHist": 0.4293694633342182
    },
    "1w": {
      "valueMACD": 1.4633438869509092,
      "valueMACDSignal": 1.7676974114910875,
      "valueMACDHist": -0.3043535245401783
    }
  },
  "rsi": {
    "1d": {
      "value": 58.58680470468184
    },
    "1w": {
      "value": 55.12914104257758
    }
  },
  "stoch": {
    "1d": {
      "valueK": 83.37721199934747,
      "valueD": 67.71395023398458
    },
    "1w": {
      "valueK": 73.45257873942649,
      "valueD": 54.29823507456266
    }
  },
  "bbands": {
    "1d": {
      "valueUpperBand": 65.65529426094159,
      "valueMiddleBand": 62.72693499999994,
      "valueLowerBand": 59.798575739058286
    },
    "1w": {
      "valueUpperBand": 71.1237899573876,
      "valueMiddleBand": 64.78868499999997,
      "valueLowerBand": 58.453580042612344
    }
  },
  "obv": {
    "1d": {
      "value": 122521943
    },
    "1w": {
      "value": 246257109
    }
  }
}