{
  "ema": {
    "1d": {
      "value": 139.94507757164828
    },
    "1w": {
      "value": 146.64962208281278
    }
  },
  "macd": {
    "1d": {
      "valueMACD": 0.4170555581499684,
      "valueMACDSignal": -0.5902559969567086,
      "valueMACDHist": 1.0073115551066771
    },
    "1w": {
      "valueMACD": -3.619368398255091,
      "valueMACDSignal": -3.314217102615002,
      "valueMACDHist": -0.3051512956400888
    }
  },
  "rsi": {
    "1d": {
      "value": 61.77248494130738
    },
    "1w": {
      "value": 48.705078686016925
    }
  },
  "stoch": {
    "1d": {
      "valueK": 85.48476760610201,
      "valueD": 77.99143759991448
    },
    "1w": {
      "valueK": 64.07784485003013,
      "valueD": 52.38708837128355
    }
  },
  "bbands": {
    "1d": {
      "valueUpperBand": 144.3675291142899,
      "valueMiddleBand": 138.93602999999987,
      "valueLowerBand": 133.50453088570984
    },
    "1w": {
      "valueUpperBand": 166.9387335313836,
      "valueMiddleBand": 147.011505,
      "valueLowerBand": 127.0842764686164
    }
  },
  "obv": {
    "1d": {
      "value": 134944522
    },
    "1w": {
      "value": 989715807
    }
  }
}