{
  "ema": {
    "1d": {
      "value": 55.555889465902986
    },
    "1w": {
      "value": 55.166545198193724
    }
  },
  "macd": {
    "1d": {
      "valueMACD": 0.2607932020266901,
      "valueMACDSignal": 0.4302590200922872,
      "valueMACDHist": -0.16946581806559713
    },
    "1w": {
      "valueMACD": 0.2319470995310553,
      "valueMACDSignal": 0.04694388264516169,
      "valueMACDHist": 0.1850032168858936
    }
  },
  "rsi": {
    "1d": {
      "value": 49.461904429191655
    },
    "1w": {
      "value": 51.69663159699528
    }
  },
  "stoch": {
    "1d": {
      "valueK": 19.808471777586277,
      "valueD": 18.400154692228266
    },
    "1w": {
      "valueK": 45.39007092198585,
      "valueD": 58.83122038305632
    }
  },
  "bbands": {
    "1d": {
      "valueUpperBand": 57.59815569818185,
      "valueMiddleBand": 56.047000000000004,
      "valueLowerBand": 54.49584430181816
    },
    "1w": {
      "valueUpperBand": 57.81849556040719,
      "valueMiddleBand": 55.146499899999924,
      "valueLowerBand": 52.474504239592655
    }
  },
  "obv": {
    "1d": {
      "value": 186838202
    },
    "1w": {
      "value": -315818197
    }
  }
}