{
  "ema": {
    "1d": {
      "value": 48.45535013666165
    },
    "1w": {
      "value": 50.792689602788194
    }
  },
  "macd": {
    "1d": {
      "valueMACD": 1.0102343275057208,
      "valueMACDSignal": 1.0446381139605547,
      "valueMACDHist": -0.034403786454833885
    },
    "1w": {
      "valueMACD": -1.8044004564954434,
      "valueMACDSignal": -2.263876419427829,
      "valueMACDHist": 0.4594759629323857
    }
  },
  "rsi": {
    "1d": {
      "value": 52.38322705312205
    },
    "1w": {
      "value": 47.69949124865984
    }
  },
  "stoch": {
    "1d": {
      "valueK": 64.11755699519982,
      "valueD": 77.85295271011955
    },
    "1w": {
      "valueK": 51.308129196440966,
      "valueD": 56.330507482561615
    }
  },
  "bbands": {
    "1d": {
      "valueUpperBand": 51.859449009768156,
      "valueMiddleBand": 49.53549999999999,
      "valueLowerBand": 47.21155099023183
    },
    "1w": {
      "valueUpperBand": 65.70955600088477,
      "valueMiddleBand": 49.69025000000004,
      "valueLowerBand": 33.67094399911531
    }
  },
  "obv": {
    "1d": {
      "value": -265256967
    },
    "1w": {
      "value": -327890565
    }
  }
}