{
  "ema": {
    "1d": {
      "value": 67.94809064324598
    },
    "1w": {
      "value": 71.95685136327504
    }
  },
  "macd": {
    "1d": {
      "valueMACD": 0.461216354904451,
      "valueMACDSignal": 0.316007016412873,
      "valueMACDHist": 0.14520933849157802
    },
    "1w": {
      "valueMACD": -2.814325039948045,
      "valueMACDSignal": -3.207133901637005,
      "valueMACDHist": 0.3928088616889598
    }
  },
  "rsi": {
    "1d": {
      "value": 55.66792062674979
    },
    "1w": {
      "value": 46.16948769428361
    }
  },
  "stoch": {
    "1d": {
      "valueK": 78.94763397229134,
      "valueD": 80.07370877700089
    },
    "1w": {
      "valueK": 51.12501940113915,
      "valueD": 44.94303311878511
    }
  },
  "bbands": {
    "1d": {
      "valueUpperBand": 70.17179268598073,
      "valueMiddleBand": 68.27850499999998,
      "valueLowerBand": 66.38521731401923
    },
    "1w": {
      "valueUpperBand": 85.95974616073612,
      "valueMiddleBand": 70.96400514999999,
      "valueLowerBand": 55.96826413926386
    }
  },
  "obv": {
    "1d": {
      "value": -7118441
    },
    "1w": {
      "value": -405539853
    }
  }
}