{
  "ema": {
    "1d": {
      "value": 503.1680568068685
    },
    "1w": {
      "value": 474.21936689202204
    }
  },
  "macd": {
    "1d": {
      "valueMACD": 8.417605723267172,
      "valueMACDSignal": 9.162197597751351,
      "valueMACDHist": -0.7445918744841791
    },
    "1w": {
      "valueMACD": 20.285773512306946,
      "valueMACDSignal": 17.641584158427776,
      "valueMACDHist": 2.6441893538791703
    }
  },
  "rsi": {
    "1d": {
      "value": 61.79881182495913
    },
    "1w": {
      "value": 61.82883176695172
    }
  },
  "stoch": {
    "1d": {
      "valueK": 61.493911212807326,
      "valueD": 65.90195899040664
    },
    "1w": {
      "valueK": 62.81505660460872,
      "valueD": 66.21205029820062
    }
  },
  "bbands": {
    "1d": {
      "valueUpperBand": 531.4765204395985,
      "valueMiddleBand": 514.343535,
      "valueLowerBand": 497.2105495604014
    },
    "1w": {
      "valueUpperBand": 538.3743296985324,
      "valueMiddleBand": 487.1301345000001,
      "valueLowerBand": 435.88593930146783
    }
  },
  "obv": {
    "1d": {
      "value": 6383490
    },
    "1w": {
      "value": 178202859
    }
  }
}