{
  "ema": {
    "1d": {
      "value": 101.23561369675694
    },
    "1w": {
      "value": 93.13573170189079
    }
  },
  "macd": {
    "1d": {
      "valueMACD": 5.316456001668797,
      "valueMACDSignal": 4.40607943199919,
      "valueMACDHist": 0.9103765696696069
    },
    "1w": {
      "valueMACD": 6.006555899685921,
      "valueMACDSignal": 2.7424204114629878,
      "valueMACDHist": 3.264135488222933
    }
  },
  "rsi": {
    "1d": {
      "value": 68.51539993322987
    },
    "1w": {
      "value": 63.18419833424617
    }
  },
  "stoch": {
    "1d": {
      "valueK": 44.64439542855493,
      "valueD": 65.938507365922
    },
    "1w": {
      "valueK": 72.7136360325005,
      "valueD": 75.67071064959238
    }
  },
  "bbands": {
    "1d": {
      "valueUpperBand": 118.45376421741783,
      "valueMiddleBand": 102.75815500000006,
      "valueLowerBand": 87.06254578258229
    },
    "1w": {
      "valueUpperBand": 114.95049384859149,
      "valueMiddleBand": 90.3286549999998,
      "valueLowerBand": 65.7068161514081
    }
  },
  "obv": {
    "1d": {
      "value": -76118108
    },
    "1w": {
      "value": -316158448
    }
  }
}