{
  "ema": {
    "1d": {
      "value": 116.98395341207143
    },
    "1w": {
      "value": 115.69898169574066
    }
  },
  "macd": {
    "1d": {
      "valueMACD": -0.646489603976093,
      "valueMACDSignal": -0.7619661897539736,
      "valueMACDHist": 0.11547658577788056
    },
    "1w": {
      "valueMACD": 1.0938668659936326,
      "valueMACDSignal": 1.7410697585912875,
      "valueMACDHist": -0.647202892597655
    }
  },
  "rsi": {
    "1d": {
      "value": 47.65777421624093
    },
    "1w": {
      "value": 50.61352223886176
    }
  },
  "stoch": {
    "1d": {
      "valueK": 59.70105844799997,
      "valueD": 40.713067456171224
    },
    "1w": {
      "valueK": 53.17021821253453,
      "valueD": 47.82768617512496
    }
  },
  "bbands": {
    "1d": {
      "valueUpperBand": 118.25974125269096,
      "valueMiddleBand": 116.02646,
      "valueLowerBand": 113.79317874730904
    },
    "1w": {
      "valueUpperBand": 122.65330848456789,
      "valueMiddleBand": 117.76123999999993,
      "valueLowerBand": 112.86917151543197
    }
  },
  "obv": {
    "1d": {
      "value": 46652960
    },
    "1w": {
      "value": 248445110
    }
  }
}