{
  "ema": {
    "1d": {
      "value": 140.00749144085364
    },
    "1w": {
      "value": 146.17950097834918
    }
  },
  "macd": {
    "1d": {
      "valueMACD": -1.4489157342931946,
      "valueMACDSignal": -1.6896790677535911,
      "valueMACDHist": 0.24076333346039647
    },
    "1w": {
      "valueMACD": -4.26539586062637,
      "valueMACDSignal": -3.214684672283159,
      "valueMACDHist": -1.050711188343211
    }
  },
  "rsi": {
    "1d": {
      "value": 45.43752489188965
    },
    "1w": {
      "value": 42.31718339136867
    }
  },
  "stoch": {
    "1d": {
      "valueK": 65.8066989340959,
      "valueD": 71.33137043333882
    },
    "1w": {
      "valueK": 31.524880198886503,
      "valueD": 27.793439494709464
    }
  },
  "bbands": {
    "1d": {
      "valueUpperBand": 145.66402508075234,
      "valueMiddleBand": 139.19714999999985,
      "valueLowerBand": 132.73027491924736
    },
    "1w": {
      "valueUpperBand": 163.0604743522184,
      "valueMiddleBand": 145.5618999999999,
      "valueLowerBand": 128.0633256477814
    }
  },
  "obv": {
    "1d": {
      "value": 10744390
    },
    "1w": {
      "value": 161369602
    }
  }
}