{
  "ema": {
    "1d": {
      "value": 80.34634484235177
    },
    "1w": {
      "value": 86.76389821760914
    }
  },
  "macd": {
    "1d": {
      "valueMACD": -0.08562260298170088,
      "valueMACDSignal": -0.08317684776528292,
      "valueMACDHist": -0.002445755216417961
    },
    "1w": {
      "valueMACD": -4.60389793253853,
      "valueMACDSignal": -4.734793209014532,
      "valueMACDHist": 0.13089527647600185
    }
  },
  "rsi": {
    "1d": {
      "value": 49.6785614461399
    },
    "1w": {
      "value": 40.61450436263431
    }
  },
  "stoch": {
    "1d": {
      "valueK": 67.17113620739426,
      "valueD": 56.99643250878392
    },
    "1w": {
      "valueK": 37.7445428013151,
      "valueD": 43.87226478329703
    }
  },
  "bbands": {
    "1d": {
      "valueUpperBand": 83.31549596153718,
      "valueMiddleBand": 80.71550000000003,
      "valueLowerBand": 78.11550403846289
    },
    "1w": {
      "valueUpperBand": 103.14740616325619,
      "valueMiddleBand": 85.26399999999994,
      "valueLowerBand": 67.38059383674369
    }
  },
  "obv": {
    "1d": {
      "value": -17081699
    },
    "1w": {
      "value": -31693984
    }
  }
}