{
  "ema": {
    "1d": {
      "value": 118.26950957742241
    },
    "1w": {
      "value": 116.200274217751
    }
  },
  "macd": {
    "1d": {
      "valueMACD": 3.633542994716052,
      "valueMACDSignal": 3.291628900956058,
      "valueMACDHist": 0.34191409375999404
    },
    "1w": {
      "valueMACD": 1.2440482126764323,
      "valueMACDSignal": -0.6139097682464228,
      "valueMACDHist": 1.8579579809228552
    }
  },
  "rsi": {
    "1d": {
      "value": 72.1021080716483
    },
    "1w": {
      "value": 60.368029117123456
    }
  },
  "stoch": {
    "1d": {
      "valueK": 84.18685173024613,
      "valueD": 85.91080682620161
    },
    "1w": {
      "valueK": 86.29269346250533,
      "valueD": 85.72907314310207
    }
  },
  "bbands": {
    "1d": {
      "valueUpperBand": 126.6048603627958,
      "valueMiddleBand": 120.88438999999994,
      "valueLowerBand": 115.16391963720407
    },
    "1w": {
      "valueUpperBand": 132.65944645446916,
      "valueMiddleBand": 114.65350500000011,
      "valueLowerBand": 96.64756354553106
    }
  },
  "obv": {
    "1d": {
      "value": 57301884
    },
    "1w": {
      "value": 333209394
    }
  }
}