{
  "ema": {
    "1d": {
      "value": 878.5910258728034
    },
    "1w": {
      "value": 872.701532588208
    }
  },
  "macd": {
    "1d": {
      "valueMACD": 14.726613342451628,
      "valueMACDSignal": 14.567994355732647,
      "valueMACDHist": 0.1586189867189809
    },
    "1w": {
      "valueMACD": 2.327702064744358,
      "valueMACDSignal": -5.6384451958667965,
      "valueMACDHist": 7.966147260611154
    }
  },
  "rsi": {
    "1d": {
      "value": 57.28112874428447
    },
    "1w": {
      "value": 53.849743286453744
    }
  },
  "stoch": {
    "1d": {
      "valueK": 36.020725754329696,
      "valueD": 55.813480292237635
    },
    "1w": {
      "valueK": 60.516425979280825,
      "valueD": 63.68430024955601
    }
  },
  "bbands": {
    "1d": {
      "valueUpperBand": 920.8870217977425,
      "valueMiddleBand": 885.5291949999997,
      "valueLowerBand": 850.171368202257
    },
    "1w": {
      "valueUpperBand": 957.9738623572985,
      "valueMiddleBand": 862.395914999999,
      "valueLowerBand": 766.8179676426996
    }
  },
  "obv": {
    "1d": {
      "value": 12319660
    },
    "1w": {
      "value": 13881613
    }
  }
}