{
  "ema": {
    "1d": {
      "value": 54.52200759331104
    },
    "1w": {
      "value": 50.28783647617696
    }
  },
  "macd": {
    "1d": {
      "valueMACD": 0.40315784976798597,
      "valueMACDSignal": 0.8074199111217072,
      "valueMACDHist": -0.4042620613537212
    },
    "1w": {
      "valueMACD": 2.783686212983831,
      "valueMACDSignal": 2.8373445820121246,
      "valueMACDHist": -0.053658369028293684
    }
  },
  "rsi": {
    "1d": {
      "value": 46.48435901386932
    },
    "1w": {
      "value": 56.47614682826679
    }
  },
  "stoch": {
    "1d": {
      "valueK": 11.916391189689095,
      "valueD": 25.454136949017656
    },
    "1w": {
      "valueK": 47.666829540695296,
      "valueD": 66.56561981427537
    }
  },
  "bbands": {
    "1d": {
      "valueUpperBand": 57.17418910759294,
      "valueMiddleBand": 55.62999999999999,
      "valueLowerBand": 54.08581089240704
    },
    "1w": {
      "valueUpperBand": 58.36892590605135,
      "valueMiddleBand": 52.23274999999999,
      "valueLowerBand": 46.096574093948625
    }
  },
  "obv": {
    "1d": {
      "value": 186526939
    },
    "1w": {
      "value": 756842096
    }
  }
}