{
  "ema": {
    "1d": {
      "value": 82.63754360844344
    },
    "1w": {
      "value": 89.34971679016576
    }
  },
  "macd": {
    "1d": {
      "valueMACD": -0.1727477038839993,
      "valueMACDSignal": -0.1666574445091575,
      "valueMACDHist": -0.006090259374841783
    },
    "1w": {
      "valueMACD": -4.59881520891463,
      "valueMACDSignal": -5.84179458338517,
      "valueMACDHist": 1.24297937447054
    }
  },
  "rsi": {
    "1d": {
      "value": 47.2799883503394
    },
    "1w": {
      "value": 39.48501882913267
    }
  },
  "stoch": {
    "1d": {
      "valueK": 42.46334478808708,
      "valueD": 38.844232285161915
    },
    "1w": {
      "valueK": 52.435286045219776,
      "valueD": 59.00186971952337
    }
  },
  "bbands": {
    "1d": {
      "valueUpperBand": 84.05789067259022,
      "valueMiddleBand": 82.44512,
      "valueLowerBand": 80.83234932740979
    },
    "1w": {
      "valueUpperBand": 87.33419943529982,
      "valueMiddleBand": 83.48551494999992,
      "valueLowerBand": 79.63683046470003
    }
  },
  "obv": {
    "1d": {
      "value": 90074478
    },
    "1w": {
      "value": 276669945
    }
  }
}