{
  "ema": {
    "1d": {
      "value": 75.95398311056083
    },
    "1w": {
      "value": 74.0092237563554
    }
  },
  "macd": {
    "1d": {
      "valueMACD": 0.5227409051027507,
      "valueMACDSignal": 0.8660243353197453,
      "valueMACDHist": -0.3432834302169946
    },
    "1w": {
      "valueMACD": 1.2329093776993147,
      "valueMACDSignal": 0.7135348419077103,
      "valueMACDHist": 0.5193745357916044
    }
  },
  "rsi": {
    "1d": {
      "value": 46.229097743959805
    },
    "1w": {
      "value": 52.881536783754754
    }
  },
  "stoch": {
    "1d": {
      "valueK": 18.84718453545364,
      "valueD": 35.91898097452316
    },
    "1w": {
      "valueK": 64.69443532622215,
      "valueD": 76.58756001057579
    }
  },
  "bbands": {
    "1d": {
      "valueUpperBand": 79.07295831496242,
      "valueMiddleBand": 76.93969,
      "valueLowerBand": 74.80642168503758
    },
    "1w": {
      "valueUpperBand": 79.9914967003415,
      "valueMiddleBand": 73.79593990000009,
      "valueLowerBand": 67.60038309965869
    }
  },
  "obv": {
    "1d": {
      "value": -41954801
    },
    "1w": {
      "value": -78175206
    }
  }
}