{
  "ema": {
    "1d": {
      "value": 107.62168118715388
    },
    "1w": {
      "value": 101.78300038232857
    }
  },
  "macd": {
    "1d": {
      "valueMACD": 1.7176906944951895,
      "valueMACDSignal": 1.5275984962368776,
      "valueMACDHist": 0.19009219825831192
    },
    "1w": {
      "valueMACD": 4.051327881482621,
      "valueMACDSignal": 4.34080106230361,
      "valueMACDHist": -0.2894731808209894
    }
  },
  "rsi": {
    "1d": {
      "value": 53.59142987015719
    },
    "1w": {
      "value": 58.18284944639755
    }
  },
  "stoch": {
    "1d": {
      "valueK": 48.47003698169229,
      "valueD": 69.29822965476875
    },
    "1w": {
      "valueK": 83.16574634733655,
      "valueD": 87.77337301842984
    }
  },
  "bbands": {
    "1d": {
      "valueUpperBand": 115.25471457472564,
      "valueMiddleBand": 107.98337000000004,
      "valueLowerBand": 100.71202542527443
    },
    "1w": {
      "valueUpperBand": 117.6807641883323,
      "valueMiddleBand": 107.12187499999999,
      "valueLowerBand": 96.56298581166767
    }
  },
  "obv": {
    "1d": {
      "value": 363487327
    },
    "1w": {
      "value": 411982913
    }
  }
}