{
  "ema": {
    "1d": {
      "value": 54.860327633790284
    },
    "1w": {
      "value": 58.735869519773885
    }
  },
  "macd": {
    "1d": {
      "valueMACD": -0.310160804268115,
      "valueMACDSignal": -0.4931286275077949,
      "valueMACDHist": 0.18296782323967992
    },
    "1w": {
      "valueMACD": -2.4730826708788527,
      "valueMACDSignal": -2.4452800171088276,
      "valueMACDHist": -0.02780265377002511
    }
  },
  "rsi": {
    "1d": {
      "value": 44.99419142087889
    },
    "1w": {
      "value": 36.863166776957996
    }
  },
  "stoch": {
    "1d": {
      "valueK": 47.357804232804256,
      "valueD": 65.29872134038794
    },
    "1w": {
      "valueK": 67.68577412917803,
      "valueD": 55.991804171760464
    }
  },
  "bbands": {
    "1d": {
      "valueUpperBand": 55.34101440390413,
      "valueMiddleBand": 54.20687499999998,
      "valueLowerBand": 53.07273559609583
    },
    "1w": {
      "valueUpperBand": 63.00583346677466,
      "valueMiddleBand": 57.313875000000024,
      "valueLowerBand": 51.62191653322539
    }
  },
  "obv": {
    "1d": {
      "value": -40962991
    },
    "1w": {
      "value": -177650348
    }
  }
}