{
  "ema": {
    "1d": {
      "value": 20.78033971413838
    },
    "1w": {
      "value": 23.830532587713776
    }
  },
  "macd": {
    "1d": {
      "valueMACD": 0.07637659445191147,
      "valueMACDSignal": -0.205923831263718,
      "valueMACDHist": 0.28230042571562947
    },
    "1w": {
      "valueMACD": -1.9018080356711842,
      "valueMACDSignal": -2.1142986901125536,
      "valueMACDHist": 0.2124906544413694
    }
  },
  "rsi": {
    "1d": {
      "value": 64.15876848157195
    },
    "1w": {
      "value": 45.617907553147184
    }
  },
  "stoch": {
    "1d": {
      "valueK": 91.37412483442813,
      "valueD": 83.8216464041705
    },
    "1w": {
      "valueK": 50.35462050655539,
      "valueD": 35.55698704082733
    }
  },
  "bbands": {
    "1d": {
      "valueUpperBand": 21.896610431581934,
      "valueMiddleBand": 20.50094000000003,
      "valueLowerBand": 19.105269568418123
    },
    "1w": {
      "valueUpperBand": 27.21303292606998,
      "valueMiddleBand": 22.45144000000001,
      "valueLowerBand": 17.689847073930036
    }
  },
  "obv": {
    "1d": {
      "value": -78300246
    },
    "1w": {
      "value": 1071292450
    }
  }
}