{
  "ema": {
    "1d": {
      "value": 64.98819727662983
    },
    "1w": {
      "value": 62.533402039601945
    }
  },
  "macd": {
    "1d": {
      "valueMACD": 1.5169793437701884,
      "valueMACDSignal": 1.5537329072369597,
      "valueMACDHist": -0.03675356346677128
    },
    "1w": {
      "valueMACD": 1.4970011437038764,
      "valueMACDSignal": 0.3875640881112065,
      "valueMACDHist": 1.1094370555926698
    }
  },
  "rsi": {
    "1d": {
      "value": 66.87178256467948
    },
    "1w": {
      "value": 62.1103411027994
    }
  },
  "stoch": {
    "1d": {
      "valueK": 91.38607247674422,
      "valueD": 80.31440520970101
    },
    "1w": {
      "valueK": 70.66899821907776,
      "valueD": 68.96168252179602
    }
  },
  "bbands": {
    "1d": {
      "valueUpperBand": 69.00896312525376,
      "valueMiddleBand": 66.73099999999998,
      "valueLowerBand": 64.4530368747462
    },
    "1w": {
      "valueUpperBand": 71.70365736458912,
      "valueMiddleBand": 62.140499949999935,
      "valueLowerBand": 52.57734253541074
    }
  },
  "obv": {
    "1d": {
      "value": 35328760
    },
    "1w": {
      "value": 26422726
    }
  }
}