{
  "ema": {
    "1d": {
      "value": 367.3048714612219
    },
    "1w": {
      "value": 373.94012021745715
    }
  },
  "macd": {
    "1d": {
      "valueMACD": 0.0847019729695262,
      "valueMACDSignal": 1.274116005392472,
      "valueMACDHist": -1.1894140324229459
    },
    "1w": {
      "valueMACD": -5.852056862799088,
      "valueMACDSignal": -6.348859921166371,
      "valueMACDHist": 0.49680305836728245
    }
  },
  "rsi": {
    "1d": {
      "value": 42.42031489809832
    },
    "1w": {
      "value": 43.80545107321219
    }
  },
  "stoch": {
    "1d": {
      "valueK": 20.04733326233946,
      "valueD": 28.456768214720483
    },
    "1w": {
      "valueK": 19.756527727896344,
      "valueD": 33.9221996263405
    }
  },
  "bbands": {
    "1d": {
      "valueUpperBand": 380.9015852904015,
      "valueMiddleBand": 370.3810999999996,
      "valueLowerBand": 359.8606147095977
    },
    "1w": {
      "valueUpperBand": 400.8605709752681,
      "valueMiddleBand": 369.01861974999986,
      "valueLowerBand": 337.1766685247316
    }
  },
  "obv": {
    "1d": {
      "value": -45689873
    },
    "1w": {
      "value": 469531579
    }
  }
}