{
  "ema": {
    "1d": {
      "value": 134.63737268394962
    },
    "1w": {
      "value": 138.9208771192122
    }
  },
  "macd": {
    "1d": {
      "valueMACD": 1.0767222613795582,
      "valueMACDSignal": 0.10906368044437934,
      "valueMACDHist": 0.9676585809351789
    },
    "1w": {
      "valueMACD": -1.945012851216319,
      "valueMACDSignal": -1.945234112280351,
      "valueMACDHist": 0.00022126106403197454
    }
  },
  "rsi": {
    "1d": {
      "value": 63.5697309294794
    },
    "1w": {
      "value": 51.833758347200366
    }
  },
  "stoch": {
    "1d": {
      "valueK": 84.70669006795008,
      "valueD": 76.18867551319086
    },
    "1w": {
      "valueK": 75.14803176462512,
      "valueD": 68.79736819648697
    }
  },
  "bbands": {
    "1d": {
      "valueUpperBand": 139.29654156154888,
      "valueMiddleBand": 133.95172999999997,
      "valueLowerBand": 128.60691843845106
    },
    "1w": {
      "valueUpperBand": 157.58658163881572,
      "valueMiddleBand": 139.90667000000002,
      "valueLowerBand": 122.22675836118432
    }
  },
  "obv": {
    "1d": {
      "value": 35513855
    },
    "1w": {
      "value": 79340189
    }
  }
}