{
  "ema": {
    "1d": {
      "value": 60.55977856178469
    },
    "1w": {
      "value": 64.52257902196857
    }
  },
  "macd": {
    "1d": {
      "valueMACD": 1.9225413349201048,
      "valueMACDSignal": 1.37795401331848,
      "valueMACDHist": 0.5445873216016248
    },
    "1w": {
      "valueMACD": -2.522926053940516,
      "valueMACDSignal": -3.781282511633126,
      "valueMACDHist": 1.25835645769261
    }
  },
  "rsi": {
    "1d": {
      "value": 64.89859510027077
    },
    "1w": {
      "value": 51.307939876649634
    }
  },
  "stoch": {
    "1d": {
      "valueK": 79.94468783098601,
      "valueD": 83.83234347654125
    },
    "1w": {
      "valueK": 70.33289715810238,
      "valueD": 69.31073935555976
    }
  },
  "bbands": {
    "1d": {
      "valueUpperBand": 68.13543439646834,
      "valueMiddleBand": 60.23292000000005,
      "valueLowerBand": 52.33040560353176
    },
    "1w": {
      "valueUpperBand": 67.56561520531017,
      "valueMiddleBand": 60.709225,
      "valueLowerBand": 53.85283479468984
    }
  },
  "obv": {
    "1d": {
      "value": 23430270
    },
    "1w": {
      "value": -119924176
    }
  }
}