{
  "ema": {
    "1d": {
      "value": 221.0048928607187
    },
    "1w": {
      "value": 215.48524398675426
    }
  },
  "macd": {
    "1d": {
      "valueMACD": 3.749428503193343,
      "valueMACDSignal": 4.322323312812382,
      "valueMACDHist": -0.5728948096190392
    },
    "1w": {
      "valueMACD": 3.276760206146804,
      "valueMACDSignal": 0.7966263815561536,
      "valueMACDHist": 2.4801338245906503
    }
  },
  "rsi": {
    "1d": {
      "value": 58.8408341264924
    },
    "1w": {
      "value": 58.41481707944769
    }
  },
  "stoch": {
    "1d": {
      "valueK": 31.014785735590817,
      "valueD": 44.15407689046939
    },
    "1w": {
      "valueK": 78.65312752637784,
      "valueD": 88.75359945244129
    }
  },
  "bbands": {
    "1d": {
      "valueUpperBand": 230.00134875335027,
      "valueMiddleBand": 224.86746500000018,
      "valueLowerBand": 219.7335812466501
    },
    "1w": {
      "valueUpperBand": 233.6439015822685,
      "valueMiddleBand": 212.15900000000008,
      "valueLowerBand": 190.67409841773164
    }
  },
  "obv": {
    "1d": {
      "value": 24037763
    },
    "1w": {
      "value": 90208796
    }
  }
}