{
  "ema": {
    "1d": {
      "value": 17.428991207825263
    },
    "1w": {
      "value": 18.13814237201685
    }
  },
  "macd": {
    "1d": {
      "valueMACD": 0.39508491072733776,
      "valueMACDSignal": 0.3823749808679458,
      "valueMACDHist": 0.012709929859391955
    },
    "1w": {
      "valueMACD": -0.5520811426891754,
      "valueMACDSignal": -0.8554584147298597,
      "valueMACDHist": 0.3033772720406843
    }
  },
  "rsi": {
    "1d": {
      "value": 62.72624631308539
    },
    "1w": {
      "value": 50.88076676356522
    }
  },
  "stoch": {
    "1d": {
      "valueK": 57.220857729712236,
      "valueD": 51.88819451080991
    },
    "1w": {
      "valueK": 53.46959039183654,
      "valueD": 62.5249556993964
    }
  },
  "bbands": {
    "1d": {
      "valueUpperBand": 18.350645091739125,
      "valueMiddleBand": 17.75451,
      "valueLowerBand": 17.158374908260875
    },
    "1w": {
      "valueUpperBand": 21.83921426936706,
      "valueMiddleBand": 17.288759999999996,
      "valueLowerBand": 12.738305730632934
    }
  },
  "obv": {
    "1d": {
      "value": 255014122
    },
    "1w": {
      "value": 1256813505
    }
  }
}