{
  "ema": {
    "1d": {
      "value": 26.222426661883233
    },
    "1w": {
      "value": 28.756057033792956
    }
  },
  "macd": {
    "1d": {
      "valueMACD": -0.5101421663728907,
      "valueMACDSignal": -0.27106848392317306,
      "valueMACDHist": -0.2390736824497176
    },
    "1w": {
      "valueMACD": -1.971870802595479,
      "valueMACDSignal": -1.9876616712327102,
      "valueMACDHist": 0.015790868637231226
    }
  },
  "rsi": {
    "1d": {
      "value": 38.979655416501494
    },
    "1w": {
      "value": 37.78257010213688
    }
  },
  "stoch": {
    "1d": {
      "valueK": 51.36528839799871,
      "valueD": 53.13029719209121
    },
    "1w": {
      "valueK": 23.37294850028296,
      "valueD": 28.431410030629696
    }
  },
  "bbands": {
    "1d": {
      "valueUpperBand": 30.39705580655596,
      "valueMiddleBand": 26.806500000000042,
      "valueLowerBand": 23.215944193444123
    },
    "1w": {
      "valueUpperBand": 34.60208053759441,
      "valueMiddleBand": 27.67780005000001,
      "valueLowerBand": 20.753519562405607
    }
  },
  "obv": {
    "1d": {
      "value": 52036079
    },
    "1w": {
      "value": 1080373837
    }
  }
}