{
  "ema": {
    "1d": {
      "value": 30.29657443671236
    },
    "1w": {
      "value": 30.46785127789534
    }
  },
  "macd": {
    "1d": {
      "valueMACD": 0.3256367643028213,
      "valueMACDSignal": 0.23952352201858748,
      "valueMACDHist": 0.08611324228423381
    },
    "1w": {
      "valueMACD": -0.06454801860646242,
      "valueMACDSignal": -0.25056590300618403,
      "valueMACDHist": 0.1860178843997216
    }
  },
  "rsi": {
    "1d": {
      "value": 59.16343931960697
    },
    "1w": {
      "value": 53.13395650086663
    }
  },
  "stoch": {
    "1d": {
      "valueK": 73.75890568860449,
      "valueD": 66.947739901916
    },
    "1w": {
      "valueK": 80.09989669490027,
      "valueD": 76.38608174754698
    }
  },
  "bbands": {
    "1d": {
      "valueUpperBand": 31.504060169422203,
      "valueMiddleBand": 30.336935000000018,
      "valueLowerBand": 29.169809830577833
    },
    "1w": {
      "valueUpperBand": 31.382660226260565,
      "valueMiddleBand": 29.934184999999992,
      "valueLowerBand": 28.48570977373942
    }
  },
  "obv": {
    "1d": {
      "value": 1277059
    },
    "1w": {
      "value": -86062446
    }
  }
}