{
  "ema": {
    "1d": {
      "value": 234.67488823740476
    },
    "1w": {
      "value": 225.75418527148784
    }
  },
  "macd": {
    "1d": {
      "valueMACD": 6.298430275217186,
      "valueMACDSignal": 6.436469433513431,
      "valueMACDHist": -0.13803915829624547
    },
    "1w": {
      "valueMACD": 6.091158584531826,
      "valueMACDSignal": 1.783812069287692,
      "valueMACDHist": 4.3073465152441335
    }
  },
  "rsi": {
    "1d": {
      "value": 72.87950075984713
    },
    "1w": {
      "value": 65.8399889815606
    }
  },
  "stoch": {
    "1d": {
      "valueK": 86.87196641859707,
      "valueD": 79.81423593114755
    },
    "1w": {
      "valueK": 87.27004896594592,
      "valueD": 88.67276054553808
    }
  },
  "bbands": {
    "1d": {
      "valueUpperBand": 254.20041992556727,
      "valueMiddleBand": 239.00890499999997,
      "valueLowerBand": 223.81739007443267
    },
    "1w": {
      "valueUpperBand": 251.3792506269396,
      "valueMiddleBand": 220.00692000000024,
      "valueLowerBand": 188.63458937306086
    }
  },
  "obv": {
    "1d": {
      "value": -494319
    },
    "1w": {
      "value": -78774106
    }
  }
}