{
  "ema": {
    "1d": {
      "value": 70.17008773021922
    },
    "1w": {
      "value": 70.46056469757819
    }
  },
  "macd": {
    "1d": {
      "valueMACD": 0.5780369242710037,
      "valueMACDSignal": 0.783681726692494,
      "valueMACDHist": -0.2056448024214903
    },
    "1w": {
      "valueMACD": -0.40864560868268995,
      "valueMACDSignal": -0.7454701869766429,
      "valueMACDHist": 0.33682457829395296
    }
  },
  "rsi": {
    "1d": {
      "value": 54.87171035706866
    },
    "1w": {
      "value": 51.83763822251698
    }
  },
  "stoch": {
    "1d": {
      "valueK": 47.5916017271407,
      "valueD": 53.405679471782385
    },
    "1w": {
      "valueK": 44.11442786069654,
      "valueD": 56.11146226431715
    }
  },
  "bbands": {
    "1d": {
      "valueUpperBand": 73.59002862661741,
      "valueMiddleBand": 71.36874500000002,
      "valueLowerBand": 69.14746137338263
    },
    "1w": {
      "valueUpperBand": 78.48776169560331,
      "valueMiddleBand": 70.36026500000006,
      "valueLowerBand": 62.2327683043968
    }
  },
  "obv": {
    "1d": {
      "value": 14581377
    },
    "1w": {
      "value": -69545841
    }
  }
}