{
  "ema": {
    "1d": {
      "value": 15.269971983864526
    },
    "1w": {
      "value": 15.806597874599323
    }
  },
  "macd": {
    "1d": {
      "valueMACD": 0.31221719550384996,
      "valueMACDSignal": 0.27168802059130226,
      "valueMACDHist": 0.040529174912547705
    },
    "1w": {
      "valueMACD": -0.3606843234816832,
      "valueMACDSignal": -0.621667154816769,
      "valueMACDHist": 0.2609828313350858
    }
  },
  "rsi": {
    "1d": {
      "value": 63.103607228099
    },
    "1w": {
      "value": 52.418956169177235
    }
  },
  "stoch": {
    "1d": {
      "valueK": 76.44623725646714,
      "valueD": 76.86296878996542
    },
    "1w": {
      "valueK": 73.49101894448127,
      "valueD": 71.11182781785715
    }
  },
  "bbands": {
    "1d": {
      "valueUpperBand": 16.16470865898101,
      "valueMiddleBand": 15.443494999999992,
      "valueLowerBand": 14.722281341018974
    },
    "1w": {
      "valueUpperBand": 17.197246521989868,
      "valueMiddleBand": 15.147495000000001,
      "valueLowerBand": 13.097743478010134
    }
  },
  "obv": {
    "1d": {
      "value": 85161744
    },
    "1w": {
      "value": -460362930
    }
  }
}