{
  "ema": {
    "1d": {
      "value": 162.9891042337474
    },
    "1w": {
      "value": 167.8586096517758
    }
  },
  "macd": {
    "1d": {
      "valueMACD": 0.7343494370710175,
      "valueMACDSignal": -0.6181750273535356,
      "valueMACDHist": 1.352524464424553
    },
    "1w": {
      "valueMACD": -2.88895169198085,
      "valueMACDSignal": -3.5905250351051867,
      "valueMACDHist": 0.7015733431243367
    }
  },
  "rsi": {
    "1d": {
      "value": 59.43157648448507
    },
    "1w": {
      "value": 50.85188411049869
    }
  },
  "stoch": {
    "1d": {
      "valueK": 87.88504093174176,
      "valueD": 83.91543578534625
    },
    "1w": {
      "valueK": 65.43783644986551,
      "valueD": 55.28606692186863
    }
  },
  "bbands": {
    "1d": {
      "valueUpperBand": 169.48635343001928,
      "valueMiddleBand": 160.35085999999978,
      "valueLowerBand": 151.2153665699803
    },
    "1w": {
      "valueUpperBand": 179.3366899891907,
      "valueMiddleBand": 165.5143599999997,
      "valueLowerBand": 151.6920300108087
    }
  },
  "obv": {
    "1d": {
      "value": 19463735
    },
    "1w": {
      "value": 57766294
    }
  }
}