{
  "ema": {
    "1d": {
      "value": 261.09380528757345
    },
    "1w": {
      "value": 244.38678114143178
    }
  },
  "macd": {
    "1d": {
      "valueMACD": 6.3690570698410625,
      "valueMACDSignal": 5.1805788887786,
      "valueMACDHist": 1.1884781810624627
    },
    "1w": {
      "valueMACD": 11.258668612707055,
      "valueMACDSignal": 9.282214953759446,
      "valueMACDHist": 1.9764536589476087
    }
  },
  "rsi": {
    "1d": {
      "value": 74.61774425586609
    },
    "1w": {
      "value": 66.42430857147158
    }
  },
  "stoch": {
    "1d": {
      "valueK": 92.67332337730109,
      "valueD": 90.78836638323956
    },
    "1w": {
      "valueK": 84.98549530937888,
      "valueD": 80.59139258363406
    }
  },
  "bbands": {
    "1d": {
      "valueUpperBand": 277.48988303861734,
      "valueMiddleBand": 265.29492500000003,
      "valueLowerBand": 253.09996696138273
    },
    "1w": {
      "valueUpperBand": 279.30002894973353,
      "valueMiddleBand": 252.7245099999999,
      "valueLowerBand": 226.14899105026626
    }
  },
  "obv": {
    "1d": {
      "value": 158333905
    },
    "1w": {
      "value": 372212439
    }
  }
}