{
  "ema": {
    "1d": {
      "value": 82.17276568011658
    },
    "1w": {
      "value": 80.90252919857767
    }
  },
  "macd": {
    "1d": {
      "valueMACD": -0.1752801859757369,
      "valueMACDSignal": -0.10177878573184942,
      "valueMACDHist": -0.07350140024388749
    },
    "1w": {
      "valueMACD": 0.8157624387459634,
      "valueMACDSignal": 1.2362643887125033,
      "valueMACDHist": -0.4205019499665399
    }
  },
  "rsi": {
    "1d": {
      "value": 39.10362311566137
    },
    "1w": {
      "value": 53.0884743299445
    }
  },
  "stoch": {
    "1d": {
      "valueK": 26.204105318029054,
      "valueD": 41.66464887788118
    },
    "1w": {
      "valueK": 51.83046053357441,
      "valueD": 58.347868744410505
    }
  },
  "bbands": {
    "1d": {
      "valueUpperBand": 82.75623866376286,
      "valueMiddleBand": 82.13599999999991,
      "valueLowerBand": 81.51576133623696
    },
    "1w": {
      "valueUpperBand": 82.97747817916868,
      "valueMiddleBand": 82.37599999999998,
      "valueLowerBand": 81.77452182083127
    }
  },
  "obv": {
    "1d": {
      "value": 115943552
    },
    "1w": {
      "value": 217753798
    }
  }
}