{
  "ema": {
    "1d": {
      "value": 771.563167197573
    },
    "1w": {
      "value": 728.6254003248044
    }
  },
  "macd": {
    "1d": {
      "valueMACD": 30.674039024933222,
      "valueMACDSignal": 24.143200031031757,
      "valueMACDHist": 6.530838993901465
    },
    "1w": {
      "valueMACD": 27.227138530881007,
      "valueMACDSignal": 9.304617632765172,
      "valueMACDHist": 17.922520898115835
    }
  },
  "rsi": {
    "1d": {
      "value": 74.42148889933286
    },
    "1w": {
      "value": 65.27994001029322
    }
  },
  "stoch": {
    "1d": {
      "valueK": 96.76744288968098,
      "valueD": 94.06270465604509
    },
    "1w": {
      "valueK": 83.88894296995097,
      "valueD": 76.48574156291757
    }
  },
  "bbands": {
    "1d": {
      "valueUpperBand": 852.0613302240721,
      "valueMiddleBand": 792.8921449999998,
      "valueLowerBand": 733.7229597759275
    },
    "1w": {
      "valueUpperBand": 850.6935021652142,
      "valueMiddleBand": 725.1751249999999,
      "valueLowerBand": 599.6567478347855
    }
  },
  "obv": {
    "1d": {
      "value": 19149835
    },
    "1w": {
      "value": 83594610
    }
  }
}