{
  "ema": {
    "1d": {
      "value": 472.2293568592253
    },
    "1w": {
      "value": 476.03465378124906
    }
  },
  "macd": {
    "1d": {
      "valueMACD": 1.5804421882000952,
      "valueMACDSignal": 2.8862402469197246,
      "valueMACDHist": -1.3057980587196294
    },
    "1w": {
      "valueMACD": -4.325537665671845,
      "valueMACDSignal": -7.701751528874288,
      "valueMACDHist": 3.3762138632024428
    }
  },
  "rsi": {
    "1d": {
      "value": 39.18392630354401
    },
    "1w": {
      "value": 44.218248633797245
    }
  },
  "stoch": {
    "1d": {
      "valueK": 41.80689473313526,
      "valueD": 50.595690349717415
    },
    "1w": {
      "valueK": 72.53063229428246,
      "valueD": 79.21167311610851
    }
  },
  "bbands": {
    "1d": {
      "valueUpperBand": 489.66677682059156,
      "valueMiddleBand": 473.0146,
      "valueLowerBand": 456.3624231794084
    },
    "1w": {
      "valueUpperBand": 496.1805175992036,
      "valueMiddleBand": 460.54867964999994,
      "valueLowerBand": 424.9168417007963
    }
  },
  "obv": {
    "1d": {
      "value": 2663890
    },
    "1w": {
      "value": -97862061
    }
  }
}