{
  "ema": {
    "1d": {
      "value": 61.346926141609934
    },
    "1w": {
      "value": 60.78315104676377
    }
  },
  "macd": {
    "1d": {
      "valueMACD": -0.18423736712999528,
      "valueMACDSignal": -0.07104356961436137,
      "valueMACDHist": -0.11319379751563391
    },
    "1w": {
      "valueMACD": 0.46892220469587187,
      "valueMACDSignal": 0.7166944104197264,
      "valueMACDHist": -0.2477722057238545
    }
  },
  "rsi": {
    "1d": {
      "value": 48.53166259814312
    },
    "1w": {
      "value": 50.6979317590035
    }
  },
  "stoch": {
    "1d": {
      "valueK": 45.8930567095563,
      "valueD": 30.370844028839993
    },
    "1w": {
      "valueK": 41.68499225899513,
      "valueD": 51.622382388747575
    }
  },
  "bbands": {
    "1d": {
      "valueUpperBand": 63.23963525113126,
      "valueMiddleBand": 61.56642999999997,
      "valueLowerBand": 59.893224748868676
    },
    "1w": {
      "valueUpperBand": 64.18450547953978,
      "valueMiddleBand": 61.83142999999998,
      "valueLowerBand": 59.47835452046018
    }
  },
  "obv": {
    "1d": {
      "value": 43916919
    },
    "1w": {
      "value": 97042807
    }
  }
}