{
  "ema": {
    "1d": {
      "value": 58.30933811727685
    },
    "1w": {
      "value": 67.83323751503548
    }
  },
  "macd": {
    "1d": {
      "valueMACD": -0.08135949031105838,
      "valueMACDSignal": -0.7134392795052268,
      "valueMACDHist": 0.6320797891941684
    },
    "1w": {
      "valueMACD": -6.096694696241883,
      "valueMACDSignal": -6.476598490142893,
      "valueMACDHist": 0.3799037939010095
    }
  },
  "rsi": {
    "1d": {
      "value": 60.48768448302108
    },
    "1w": {
      "value": 39.73945537054927
    }
  },
  "stoch": {
    "1d": {
      "valueK": 91.39863292696805,
      "valueD": 85.99994491356415
    },
    "1w": {
      "valueK": 55.49594399207002,
      "valueD": 36.12278975672495
    }
  },
  "bbands": {
    "1d": {
      "valueUpperBand": 61.10170609040188,
      "valueMiddleBand": 57.58913499999994,
      "valueLowerBand": 54.076563909598
    },
    "1w": {
      "valueUpperBand": 82.45037112284098,
      "valueMiddleBand": 64.70563505000004,
      "valueLowerBand": 46.9608989771591
    }
  },
  "obv": {
    "1d": {
      "value": -93747209
    },
    "1w": {
      "value": -73428278
    }
  }
}