{
  "ema": {
    "1d": {
      "value": 572.6334722891498
    },
    "1w": {
      "value": 546.3462092819998
    }
  },
  "macd": {
    "1d": {
      "valueMACD": 8.859785812102132,
      "valueMACDSignal": 9.190792023884175,
      "valueMACDHist": -0.3310062117820429
    },
    "1w": {
      "valueMACD": 17.343234668815967,
      "valueMACDSignal": 13.364872193052218,
      "valueMACDHist": 3.978362475763749
    }
  },
  "rsi": {
    "1d": {
      "value": 64.1396589536037
    },
    "1w": {
      "value": 62.94230529571775
    }
  },
  "stoch": {
    "1d": {
      "valueK": 74.14157398838086,
      "valueD": 78.72458571802248
    },
    "1w": {
      "valueK": 92.16099493213017,
      "valueD": 89.41334402152818
    }
  },
  "bbands": {
    "1d": {
      "valueUpperBand": 594.994608257701,
      "valueMiddleBand": 580.5592300000001,
      "valueLowerBand": 566.1238517422992
    },
    "1w": {
      "valueUpperBand": 609.8470205342313,
      "valueMiddleBand": 554.2512410500005,
      "valueLowerBand": 498.65546156576977
    }
  },
  "obv": {
    "1d": {
      "value": 62482401
    },
    "1w": {
      "value": 167441597
    }
  }
}