{
  "ema": {
    "1d": {
      "value": 63.74288320085415
    },
    "1w": {
      "value": 68.44280630981233
    }
  },
  "macd": {
    "1d": {
      "valueMACD": -0.026231407690787023,
      "valueMACDSignal": -0.16517065710007278,
      "valueMACDHist": 0.13893924940928576
    },
    "1w": {
      "valueMACD": -3.3445263410742854,
      "valueMACDSignal": -3.3807851956895316,
      "valueMACDHist": 0.03625885461524625
    }
  },
  "rsi": {
    "1d": {
      "value": 50.736924440030506
    },
    "1w": {
      "value": 41.47162582767455
    }
  },
  "stoch": {
    "1d": {
      "valueK": 64.84211826625416,
      "valueD": 75.61787067391255
    },
    "1w": {
      "valueK": 34.63636543866451,
      "valueD": 32.1026419972553
    }
  },
  "bbands": {
    "1d": {
      "valueUpperBand": 67.6693247053034,
      "valueMiddleBand": 64.01199999999996,
      "valueLowerBand": 60.35467529469652
    },
    "1w": {
      "valueUpperBand": 78.97614944710824,
      "valueMiddleBand": 67.109,
      "valueLowerBand": 55.241850552891755
    }
  },
  "obv": {
    "1d": {
      "value": -16005684
    },
    "1w": {
      "value": -177400697
    }
  }
}