{
  "ema": {
    "1d": {
      "value": 310.8708705380786
    },
    "1w": {
      "value": 304.1128572409447
    }
  },
  "macd": {
    "1d": {
      "valueMACD": -2.549980591732833,
      "valueMACDSignal": -1.0040640080800345,
      "valueMACDHist": -1.5459165836527986
    },
    "1w": {
      "valueMACD": 3.991897511103616,
      "valueMACDSignal": 5.3090641232078255,
      "valueMACDHist": -1.3171666121042094
    }
  },
  "rsi": {
    "1d": {
      "value": 35.438559505023534
    },
    "1w": {
      "value": 47.8044077694312
    }
  },
  "stoch": {
    "1d": {
      "valueK": 22.61359378842796,
      "valueD": 18.86169668268283
    },
    "1w": {
      "valueK": 28.36037083014794,
      "valueD": 39.133486243469605
    }
  },
  "bbands": {
    "1d": {
      "valueUpperBand": 322.83143052938743,
      "valueMiddleBand": 312.01787500000006,
      "valueLowerBand": 301.2043194706127
    },
    "1w": {
      "valueUpperBand": 322.31921517504804,
      "valueMiddleBand": 309.11637499999983,
      "valueLowerBand": 295.9135348249516
    }
  },
  "obv": {
    "1d": {
      "value": -3291878
    },
    "1w": {
      "value": 233561131
    }
  }
}