{
  "ema": {
    "1d": {
      "value": 59.153392254874205
    },
    "1w": {
      "value": 58.766414202488654
    }
  },
  "macd": {
    "1d": {
      "valueMACD": 4.291597537898511,
      "valueMACDSignal": 3.6608509763568393,
      "valueMACDHist": 0.6307465615416716
    },
    "1w": {
      "valueMACD": 0.20976934444340145,
      "valueMACDSignal": -2.8703086825600517,
      "valueMACDHist": 3.080078027003453
    }
  },
  "rsi": {
    "1d": {
      "value": 76.51129292476362
    },
    "1w": {
      "value": 59.673895073632075
    }
  },
  "stoch": {
    "1d": {
      "valueK": 87.21207995411925,
      "valueD": 87.83191634675238
    },
    "1w": {
      "valueK": 82.47791567709258,
      "valueD": 82.34246011225581
    }
  },
  "bbands": {
    "1d": {
      "valueUpperBand": 69.59054742207462,
      "valueMiddleBand": 61.754964999999984,
      "valueLowerBand": 53.91938257792535
    },
    "1w": {
      "valueUpperBand": 72.21004802569874,
      "valueMiddleBand": 54.354999999999954,
      "valueLowerBand": 36.49995197430117
    }
  },
  "obv": {
    "1d": {
      "value": -51785448
    },
    "1w": {
      "value": -57918812
    }
  }
}