{
  "ema": {
    "1d": {
      "value": 104.06402231831878
    },
    "1w": {
      "value": 113.28478211988211
    }
  },
  "macd": {
    "1d": {
      "valueMACD": -0.7439062428026659,
      "valueMACDSignal": -1.2213161408496032,
      "valueMACDHist": 0.47740989804693723
    },
    "1w": {
      "valueMACD": -6.444887491533649,
      "valueMACDSignal": -6.683449062999261,
      "valueMACDHist": 0.2385615714656124
    }
  },
  "rsi": {
    "1d": {
      "value": 52.177595864980006
    },
    "1w": {
      "value": 40.671482085457775
    }
  },
  "stoch": {
    "1d": {
      "valueK": 85.49815580255199,
      "valueD": 86.41145586379396
    },
    "1w": {
      "valueK": 38.59386560344738,
      "valueD": 26.515293777852218
    }
  },
  "bbands": {
    "1d": {
      "valueUpperBand": 109.19727826807309,
      "valueMiddleBand": 103.43129000000006,
      "valueLowerBand": 97.66530173192703
    },
    "1w": {
      "valueUpperBand": 122.34213595264075,
      "valueMiddleBand": 108.99079500000022,
      "valueLowerBand": 95.63945404735969
    }
  },
  "obv": {
    "1d": {
      "value": -7464867
    },
    "1w": {
      "value": -19120277
    }
  }
}