{
  "ema": {
    "1d": {
      "value": 74.35964435880396
    },
    "1w": {
      "value": 76.18748230894163
    }
  },
  "macd": {
    "1d": {
      "valueMACD": -0.09762104954084805,
      "valueMACDSignal": -0.5787149662125645,
      "valueMACDHist": 0.4810939166717164
    },
    "1w": {
      "valueMACD": -0.9957411075732949,
      "valueMACDSignal": -0.6759531896346023,
      "valueMACDHist": -0.31978791793869266
    }
  },
  "rsi": {
    "1d": {
      "value": 57.525404865275895
    },
    "1w": {
      "value": 48.796393292249995
    }
  },
  "stoch": {
    "1d": {
      "valueK": 57.57617197661407,
      "valueD": 69.95245944359003
    },
    "1w": {
      "valueK": 51.69503786699665,
      "valueD": 44.451941787052284
    }
  },
  "bbands": {
    "1d": {
      "valueUpperBand": 76.25899478765022,
      "valueMiddleBand": 73.46149500000004,
      "valueLowerBand": 70.66399521234986
    },
    "1w": {
      "valueUpperBand": 83.39232735869854,
      "valueMiddleBand": 76.97499499999994,
      "valueLowerBand": 70.55766264130133
    }
  },
  "obv": {
    "1d": {
      "value": 22947067
    },
    "1w": {
      "value": 30392843
    }
  }
}