{
  "ema": {
    "1d": {
      "value": 542.7996268901959
    },
    "1w": {
      "value": 530.4541337081687
    }
  },
  "macd": {
    "1d": {
      "valueMACD": 5.663987445965972,
      "valueMACDSignal": 8.234859426344965,
      "valueMACDHist": -2.5708719803789926
    },
    "1w": {
      "valueMACD": 5.405956204537347,
      "valueMACDSignal": -1.615369582785083,
      "valueMACDHist": 7.0213257873224295
    }
  },
  "rsi": {
    "1d": {
      "value": 51.18921179230491
    },
    "1w": {
      "value": 55.15801411395805
    }
  },
  "stoch": {
    "1d": {
      "valueK": 45.9478022123559,
      "valueD": 67.26262815425804
    },
    "1w": {
      "valueK": 40.65515166998902,
      "valueD": 54.34699157037422
    }
  },
  "bbands": {
    "1d": {
      "valueUpperBand": 570.7525851418181,
      "valueMiddleBand": 554.1858000000001,
      "valueLowerBand": 537.619014858182
    },
    "1w": {
      "valueUpperBand": 581.6890543681542,
      "valueMiddleBand": 514.3703099999999,
      "valueLowerBand": 447.0515656318456
    }
  },
  "obv": {
    "1d": {
      "value": -9718321
    },
    "1w": {
      "value": 29353313
    }
  }
}