{
  "ema": {
    "1d": {
      "value": 145.9443595406158
    },
    "1w": {
      "value": 140.6797013326422
    }
  },
  "macd": {
    "1d": {
      "valueMACD": 0.5294682527738814,
      "valueMACDSignal": 1.224708127246489,
      "valueMACDHist": -0.6952398744726076
    },
    "1w": {
      "valueMACD": 3.297991761524486,
      "valueMACDSignal": 3.4418395954876297,
      "valueMACDHist": -0.14384783396314393
    }
  },
  "rsi": {
    "1d": {
      "value": 52.3820317968525
    },
    "1w": {
      "value": 54.94263695233613
    }
  },
  "stoch": {
    "1d": {
      "valueK": 46.918018840595714,
      "valueD": 37.07649437175639
    },
    "1w": {
      "valueK": 37.65546316480501,
      "valueD": 51.64633582884577
    }
  },
  "bbands": {
    "1d": {
      "valueUpperBand": 153.89732326873053,
      "valueMiddleBand": 148.52581500000002,
      "valueLowerBand": 143.15430673126951
    },
    "1w": {
      "valueUpperBand": 158.9182905647257,
      "valueMiddleBand": 144.7828150000001,
      "valueLowerBand": 130.64733943527452
    }
  },
  "obv": {
    "1d": {
      "value": 144454808
    },
    "1w": {
      "value": -119325635
    }
  }
}