{
  "ema": {
    "1d": {
      "value": 448.79933884762454
    },
    "1w": {
      "value": 426.15261758475594
    }
  },
  "macd": {
    "1d": {
      "valueMACD": 12.77815216829697,
      "valueMACDSignal": 13.675308816635455,
      "valueMACDHist": -0.8971566483384859
    },
    "1w": {
      "valueMACD": 14.02442525096319,
      "valueMACDSignal": 5.057570333691499,
      "valueMACDHist": 8.966854917271691
    }
  },
  "rsi": {
    "1d": {
      "value": 74.2354309090544
    },
    "1w": {
      "value": 65.22624041400404
    }
  },
  "stoch": {
    "1d": {
      "valueK": 82.12447643332975,
      "valueD": 84.40978003055255
    },
    "1w": {
      "valueK": 90.29885437647421,
      "valueD": 92.16559077759274
    }
  },
  "bbands": {
    "1d": {
      "valueUpperBand": 474.534536883361,
      "valueMiddleBand": 460.7651649999998,
      "valueLowerBand": 446.9957931166386
    },
    "1w": {
      "valueUpperBand": 486.44695950428104,
      "valueMiddleBand": 416.42781000000025,
      "valueLowerBand": 346.40866049571946
    }
  },
  "obv": {
    "1d": {
      "value": 390624980
    },
    "1w": {
      "value": 2864034165
    }
  }
}