{
  "ema": {
    "1d": {
      "value": 1150.8291040351237
    },
    "1w": {
      "value": 1195.9777465388872
    }
  },
  "macd": {
    "1d": {
      "valueMACD": 22.023493106102705,
      "valueMACDSignal": 18.194530232751088,
      "valueMACDHist": 3.8289628733516174
    },
    "1w": {
      "valueMACD": -32.075625208505016,
      "valueMACDSignal": -46.11398073437537,
      "valueMACDHist": 14.038355525870351
    }
  },
  "rsi": {
    "1d": {
      "value": 57.72257999046913
    },
    "1w": {
      "value": 50.625551130830694
    }
  },
  "stoch": {
    "1d": {
      "valueK": 65.36092952780605,
      "valueD": 73.06898271190771
    },
    "1w": {
      "valueK": 75.72294681738867,
      "valueD": 77.61226774182788
    }
  },
  "bbands": {
    "1d": {
      "valueUpperBand": 1213.4387211894366,
      "valueMiddleBand": 1161.62438,
      "valueLowerBand": 1109.8100388105634
    },
    "1w": {
      "valueUpperBand": 1345.3725636763822,
      "valueMiddleBand": 1165.2635589999995,
      "valueLowerBand": 985.1545543236168
    }
  },
  "obv": {
    "1d": {
      "value": 140005
    },
    "1w": {
      "value": 13238538
    }
  }
}