{
  "ema": {
    "1d": {
      "value": 70.35164547789985
    },
    "1w": {
      "value": 71.23343692874936
    }
  },
  "macd": {
    "1d": {
      "valueMACD": 0.8258656995503344,
      "valueMACDSignal": 0.5835751748524338,
      "valueMACDHist": 0.24229052469790058
    },
    "1w": {
      "valueMACD": -0.40763693049606786,
      "valueMACDSignal": -1.0503034915278153,
      "valueMACDHist": 0.6426665610317475
    }
  },
  "rsi": {
    "1d": {
      "value": 58.91178733157388
    },
    "1w": {
      "value": 53.210492433486735
    }
  },
  "stoch": {
    "1d": {
      "valueK": 86.54081454819482,
      "valueD": 87.90664791402808
    },
    "1w": {
      "valueK": 70.78552515445723,
      "valueD": 62.95433715527534
    }
  },
  "bbands": {
    "1d": {
      "valueUpperBand": 75.97639504933795,
      "valueMiddleBand": 71.17299999999999,
      "valueLowerBand": 66.36960495066202
    },
    "1w": {
      "valueUpperBand": 75.17704832584903,
      "valueMiddleBand": 69.89000000000004,
      "valueLowerBand": 64.60295167415106
    }
  },
  "obv": {
    "1d": {
      "value": 230459507
    },
    "1w": {
      "value": -41501260
    }
  }
}