{
  "ema": {
    "1d": {
      "value": 52.69638588587388
    },
    "1w": {
      "value": 49.06969774217364
    }
  },
  "macd": {
    "1d": {
      "valueMACD": 0.4528789246403164,
      "valueMACDSignal": 0.5534354964351623,
      "valueMACDHist": -0.1005565717948459
    },
    "1w": {
      "valueMACD": 2.343043530537301,
      "valueMACDSignal": 2.1092740563321155,
      "valueMACDHist": 0.23376947420518546
    }
  },
  "rsi": {
    "1d": {
      "value": 52.05581762042143
    },
    "1w": {
      "value": 56.9251019119997
    }
  },
  "stoch": {
    "1d": {
      "valueK": 21.423220973782804,
      "valueD": 21.068684345488105
    },
    "1w": {
      "valueK": 52.918985030834584,
      "valueD": 63.68009306369947
    }
  },
  "bbands": {
    "1d": {
      "valueUpperBand": 56.19663302924888,
      "valueMiddleBand": 52.68700000000001,
      "valueLowerBand": 49.177366970751144
    },
    "1w": {
      "valueUpperBand": 58.37191821043522,
      "valueMiddleBand": 49.75950005000005,
      "valueLowerBand": 41.14708188956488
    }
  },
  "obv": {
    "1d": {
      "value": 110640307
    },
    "1w": {
      "value": 672477289
    }
  }
}