{
  "ema": {
    "1d": {
      "value": 154.69409269011663
    },
    "1w": {
      "value": 148.0642899785599
    }
  },
  "macd": {
    "1d": {
      "valueMACD": 1.5883461650514619,
      "valueMACDSignal": 2.246820139046421,
      "valueMACDHist": -0.6584739739949592
    },
    "1w": {
      "valueMACD": 4.223055141540101,
      "valueMACDSignal": 3.774861211644896,
      "valueMACDHist": 0.4481939298952051
    }
  },
  "rsi": {
    "1d": {
      "value": 46.88437285814779
    },
    "1w": {
      "value": 56.664655303672426
    }
  },
  "stoch": {
    "1d": {
      "valueK": 13.048635701226445,
      "valueD": 36.43859168379962
    },
    "1w": {
      "valueK": 56.585248327625685,
      "valueD": 74.55278797314439
    }
  },
  "bbands": {
    "1d": {
      "valueUpperBand": 160.75004926578188,
      "valueMiddleBand": 156.9309749999999,
      "valueLowerBand": 153.11190073421793
    },
    "1w": {
      "valueUpperBand": 160.91714645807727,
      "valueMiddleBand": 150.44497500000006,
      "valueLowerBand": 139.97280354192284
    }
  },
  "obv": {
    "1d": {
      "value": 34263405
    },
    "1w": {
      "value": 297347506
    }
  }
}