{
  "ema": {
    "1d": {
      "value": 93.7548037092072
    },
    "1w": {
      "value": 98.73824602087879
    }
  },
  "macd": {
    "1d": {
      "valueMACD": 0.3286181752811501,
      "valueMACDSignal": 0.2206451000309541,
      "valueMACDHist": 0.107973075250196
    },
    "1w": {
      "valueMACD": -3.101825544119677,
      "valueMACDSignal": -3.299304070215066,
      "valueMACDHist": 0.19747852609538885
    }
  },
  "rsi": {
    "1d": {
      "value": 59.374025787217896
    },
    "1w": {
      "value": 47.683888097184095
    }
  },
  "stoch": {
    "1d": {
      "valueK": 83.43255179329626,
      "valueD": 65.85350224372458
    },
    "1w": {
      "valueK": 53.20681396321777,
      "valueD": 66.27332651076658
    }
  },
  "bbands": {
    "1d": {
      "valueUpperBand": 97.55317057046298,
      "valueMiddleBand": 94.55704499999999,
      "valueLowerBand": 91.560919429537
    },
    "1w": {
      "valueUpperBand": 111.77569857212612,
      "valueMiddleBand": 97.69004499999994,
      "valueLowerBand": 83.60439142787376
    }
  },
  "obv": {
    "1d": {
      "value": -61608406
    },
    "1w": {
      "value": 216369653
    }
  }
}