{
  "ema": {
    "1d": {
      "value": 34.5922231185473
    },
    "1w": {
      "value": 34.09106757008166
    }
  },
  "macd": {
    "1d": {
      "valueMACD": -0.3437978049757646,
      "valueMACDSignal": -0.282356831116814,
      "valueMACDHist": -0.06144097385895064
    },
    "1w": {
      "valueMACD": 0.35563728745326273,
      "valueMACDSignal": 0.6398047161178608,
      "valueMACDHist": -0.2841674286645981
    }
  },
  "rsi": {
    "1d": {
      "value": 38.396014324536814
    },
    "1w": {
      "value": 46.72277727428371
    }
  },
  "stoch": {
    "1d": {
      "valueK": 21.806495917250555,
      "valueD": 19.2534598796418
    },
    "1w": {
      "valueK": 35.4114034994874,
      "valueD": 40.99897789162105
    }
  },
  "bbands": {
    "1d": {
      "valueUpperBand": 35.21895249272134,
      "valueMiddleBand": 34.37700000000001,
      "valueLowerBand": 33.53504750727868
    },
    "1w": {
      "valueUpperBand": 36.19440333451525,
      "valueMiddleBand": 34.855749999999986,
      "valueLowerBand": 33.51709666548472
    }
  },
  "obv": {
    "1d": {
      "value": 174278971
    },
    "1w": {
      "value": 480501123
    }
  }
}