{
  "ema": {
    "1d": {
      "value": 114.4756936382467
    },
    "1w": {
      "value": 118.30116659720821
    }
  },
  "macd": {
    "1d": {
      "valueMACD": 1.3482494171616963,
      "valueMACDSignal": 1.0955150254020665,
      "valueMACDHist": 0.25273439175962986
    },
    "1w": {
      "valueMACD": -2.337239791156307,
      "valueMACDSignal": -3.6541838411028786,
      "valueMACDHist": 1.3169440499465717
    }
  },
  "rsi": {
    "1d": {
      "value": 61.502968038234016
    },
    "1w": {
      "value": 52.54532007555203
    }
  },
  "stoch": {
    "1d": {
      "valueK": 85.78470709709542,
      "valueD": 66.73120417623142
    },
    "1w": {
      "valueK": 48.187145109369716,
      "valueD": 46.629865603780026
    }
  },
  "bbands": {
    "1d": {
      "valueUpperBand": 125.96225976174233,
      "valueMiddleBand": 116.82597499999996,
      "valueLowerBand": 107.68969023825758
    },
    "1w": {
      "valueUpperBand": 137.7689864547183,
      "valueMiddleBand": 116.64897500000009,
      "valueLowerBand": 95.5289635452819
    }
  },
  "obv": {
    "1d": {
      "value": -18840631
    },
    "1w": {
      "value": 127859466
    }
  }
}