{
  "ema": {
    "1d": {
      "value": 335.14854483735024
    },
    "1w": {
      "value": 308.73416133932324
    }
  },
  "macd": {
    "1d": {
      "valueMACD": 12.012511260146425,
      "valueMACDSignal": 13.34142352717799,
      "valueMACDHist": -1.3289122670315656
    },
    "1w": {
      "valueMACD": 16.390273810998963,
      "valueMACDSignal": 7.490928981846946,
      "valueMACDHist": 8.899344829152017
    }
  },
  "rsi": {
    "1d": {
      "value": 64.78796074090795
    },
    "1w": {
      "value": 61.78569732097219
    }
  },
  "stoch": {
    "1d": {
      "valueK": 46.3927180065414,
      "valueD": 60.08620687962114
    },
    "1w": {
      "valueK": 79.86219140959783,
      "valueD": 82.78572049458899
    }
  },
  "bbands": {
    "1d": {
      "valueUpperBand": 363.3686636790008,
      "valueMiddleBand": 346.63683999999995,
      "valueLowerBand": 329.9050163209991
    },
    "1w": {
      "valueUpperBand": 377.4872000116035,
      "valueMiddleBand": 295.78364,
      "valueLowerBand": 214.0800799883965
    }
  },
  "obv": {
    "1d": {
      "value": 10484077
    },
    "1w": {
      "value": 289462970
    }
  }
}