{
  "ema": {
    "1d": {
      "value": 71.00200739046983
    },
    "1w": {
      "value": 72.4537041649637
    }
  },
  "macd": {
    "1d": {
      "valueMACD": 1.4682375216883372,
      "valueMACDSignal": 1.3189121276851146,
      "valueMACDHist": 0.14932539400322264
    },
    "1w": {
      "valueMACD": -1.2518521961933828,
      "valueMACDSignal": -2.171905080590856,
      "valueMACDHist": 0.9200528843974731
    }
  },
  "rsi": {
    "1d": {
      "value": 67.02221663160203
    },
    "1w": {
      "value": 53.39759324964044
    }
  },
  "stoch": {
    "1d": {
      "valueK": 86.92540819219415,
      "valueD": 88.51051094170667
    },
    "1w": {
      "valueK": 74.51083130493026,
      "valueD": 69.08735888084163
    }
  },
  "bbands": {
    "1d": {
      "valueUpperBand": 74.64619780803443,
      "valueMiddleBand": 72.11650000000003,
      "valueLowerBand": 69.58680219196563
    },
    "1w": {
      "valueUpperBand": 79.68717428612904,
      "valueMiddleBand": 69.63250000000002,
      "valueLowerBand": 59.57782571387101
    }
  },
  "obv": {
    "1d": {
      "value": 124046474
    },
    "1w": {
      "value": -1154138971
    }
  }
}