{
  "ema": {
    "1d": {
      "value": 149.6150115384315
    },
    "1w": {
      "value": 154.09553216978478
    }
  },
  "macd": {
    "1d": {
      "valueMACD": 2.289241686780656,
      "valueMACDSignal": 1.2171004934284517,
      "valueMACDHist": 1.0721411933522043
    },
    "1w": {
      "valueMACD": -3.321038204149147,
      "valueMACDSignal": -4.84494067690198,
      "valueMACDHist": 1.523902472752833
    }
  },
  "rsi": {
    "1d": {
      "value": 66.19162832647147
    },
    "1w": {
      "value": 53.69956504370437
    }
  },
  "stoch": {
    "1d": {
      "valueK": 90.97417887037409,
      "valueD": 86.00259832388802
    },
    "1w": {
      "valueK": 60.22137004999158,
      "valueD": 55.78441074153702
    }
  },
  "bbands": {
    "1d": {
      "valueUpperBand": 158.79080968717705,
      "valueMiddleBand": 150.74100000000007,
      "valueLowerBand": 142.6911903128231
    },
    "1w": {
      "valueUpperBand": 172.39303215131702,
      "valueMiddleBand": 151.1979749999999,
      "valueLowerBand": 130.00291784868278
    }
  },
  "obv": {
    "1d": {
      "value": -90693686
    },
    "1w": {
      "value": 1144925516
    }
  }
}