{
  "ema": {
    "1d": {
      "value": 76.0040841406447
    },
    "1w": {
      "value": 76.78027928495314
    }
  },
  "macd": {
    "1d": {
      "valueMACD": 2.6795940604221897,
      "valueMACDSignal": 2.4898985949712378,
      "valueMACDHist": 0.18969546545095195
    },
    "1w": {
      "valueMACD": -0.7735072996145647,
      "valueMACDSignal": -3.2441444901559864,
      "valueMACDHist": 2.4706371905414217
    }
  },
  "rsi": {
    "1d": {
      "value": 67.98662181620382
    },
    "1w": {
      "value": 56.09322675553457
    }
  },
  "stoch": {
    "1d": {
      "valueK": 82.56919199922315,
      "valueD": 77.70685095016147
    },
    "1w": {
      "valueK": 72.6678864968548,
      "valueD": 76.26643185625102
    }
  },
  "bbands": {
    "1d": {
      "valueUpperBand": 82.64612977610292,
      "valueMiddleBand": 78.29370000000003,
      "valueLowerBand": 73.94127022389713
    },
    "1w": {
      "valueUpperBand": 87.24004690468027,
      "valueMiddleBand": 72.11848500000012,
      "valueLowerBand": 56.996923095319964
    }
  },
  "obv": {
    "1d": {
      "value": 30150380
    },
    "1w": {
      "value": 112917788
    }
  }
}