{
  "ema": {
    "1d": {
      "value": 249.85407422526174
    },
    "1w": {
      "value": 229.66286310944975
    }
  },
  "macd": {
    "1d": {
      "valueMACD": 11.548286035977867,
      "valueMACDSignal": 11.286075319726795,
      "valueMACDHist": 0.2622107162510723
    },
    "1w": {
      "valueMACD": 13.281749143074222,
      "valueMACDSignal": 8.466133071625874,
      "valueMACDHist": 4.815616071448348
    }
  },
  "rsi": {
    "1d": {
      "value": 64.39243157706436
    },
    "1w": {
      "value": 60.36296282115546
    }
  },
  "stoch": {
    "1d": {
      "valueK": 41.513756791216395,
      "valueD": 65.44873364756039
    },
    "1w": {
      "valueK": 83.597468483479,
      "valueD": 86.60780671632843
    }
  },
  "bbands": {
    "1d": {
      "valueUpperBand": 279.9834224378748,
      "valueMiddleBand": 257.4056849999998,
      "valueLowerBand": 234.82794756212473
    },
    "1w": {
      "valueUpperBand": 289.4849807278302,
      "valueMiddleBand": 232.92874500000008,
      "valueLowerBand": 176.37250927216996
    }
  },
  "obv": {
    "1d": {
      "value": 56525157
    },
    "1w": {
      "value": 430268091
    }
  }
}