{
  "ema": {
    "1d": {
      "value": 551.2799803797456
    },
    "1w": {
      "value": 646.0476880962485
    }
  },
  "macd": {
    "1d": {
      "valueMACD": -22.208712340180682,
      "valueMACDSignal": -19.432779841551117,
      "valueMACDHist": -2.7759324986295653
    },
    "1w": {
      "valueMACD": -72.2852793241724,
      "valueMACDSignal": -71.76428268727217,
      "valueMACDHist": -0.5209966369002217
    }
  },
  "rsi": {
    "1d": {
      "value": 42.34967104698259
    },
    "1w": {
      "value": 35.419624374949
    }
  },
  "stoch": {
    "1d": {
      "valueK": 88.6663817754842,
      "valueD": 77.08938990288901
    },
    "1w": {
      "valueK": 16.120601765374193,
      "valueD": 16.744457524552626
    }
  },
  "bbands": {
    "1d": {
      "valueUpperBand": 651.9394619956546,
      "valueMiddleBand": 552.0920099999993,
      "valueLowerBand": 452.24455800434396
    },
    "1w": {
      "valueUpperBand": 754.0013235033674,
      "valueMiddleBand": 603.2739000000004,
      "valueLowerBand": 452.5464764966333
    }
  },
  "obv": {
    "1d": {
      "value": -22665291
    },
    "1w": {
      "value": 83794957
    }
  }
}