{
  "ema": {
    "1d": {
      "value": 45.87317636960343
    },
    "1w": {
      "value": 53.7041717226251
    }
  },
  "macd": {
    "1d": {
      "valueMACD": -0.7509934698926841,
      "valueMACDSignal": -0.6786109226727556,
      "valueMACDHist": -0.07238254721992854
    },
    "1w": {
      "valueMACD": -5.329368854301123,
      "valueMACDSignal": -5.349191299770145,
      "valueMACDHist": 0.01982244546902212
    }
  },
  "rsi": {
    "1d": {
      "value": 41.01730603120186
    },
    "1w": {
      "value": 31.120800715269088
    }
  },
  "stoch": {
    "1d": {
      "valueK": 41.22737336010727,
      "valueD": 41.5736927785012
    },
    "1w": {
      "valueK": 27.937373798627288,
      "valueD": 38.36608416627418
    }
  },
  "bbands": {
    "1d": {
      "valueUpperBand": 48.38199296309352,
      "valueMiddleBand": 45.752999999999986,
      "valueLowerBand": 43.12400703690645
    },
    "1w": {
      "valueUpperBand": 61.96125845456315,
      "valueMiddleBand": 50.20725000000005,
      "valueLowerBand": 38.45324154543695
    }
  },
  "obv": {
    "1d": {
      "value": 3271971
    },
    "1w": {
      "value": -155389
    }
  }
}