{
  "ema": {
    "1d": {
      "value": 263.48144330565435
    },
    "1w": {
      "value": 241.37184802375637
    }
  },
  "macd": {
    "1d": {
      "valueMACD": 6.858409724519902,
      "valueMACDSignal": 10.171370874443376,
      "valueMACDHist": -3.312961149923474
    },
    "1w": {
      "valueMACD": 13.067264249963984,
      "valueMACDSignal": 9.658843945955391,
      "valueMACDHist": 3.408420304008592
    }
  },
  "rsi": {
    "1d": {
      "value": 52.549654491013776
    },
    "1w": {
      "value": 60.0004838545747
    }
  },
  "stoch": {
    "1d": {
      "valueK": 11.512071403021446,
      "valueD": 17.093517645613932
    },
    "1w": {
      "valueK": 52.2783486719075,
      "valueD": 73.26176873173961
    }
  },
  "bbands": {
    "1d": {
      "valueUpperBand": 285.6534704598642,
      "valueMiddleBand": 275.6355800000002,
      "valueLowerBand": 265.61768954013615
    },
    "1w": {
      "valueUpperBand": 308.1633519128007,
      "valueMiddleBand": 247.6754550000001,
      "valueLowerBand": 187.18755808719953
    }
  },
  "obv": {
    "1d": {
      "value": -2421150
    },
    "1w": {
      "value": 126302545
    }
  }
}