{
  "ema": {
    "1d": {
      "value": 302.23114706345905
    },
    "1w": {
      "value": 284.30671965729226
    }
  },
  "macd": {
    "1d": {
      "valueMACD": 12.925744798816538,
      "valueMACDSignal": 13.683056523159726,
      "valueMACDHist": -0.7573117243431877
    },
    "1w": {
      "valueMACD": 11.542315064690172,
      "valueMACDSignal": 3.643503286314781,
      "valueMACDHist": 7.898811778375391
    }
  },
  "rsi": {
    "1d": {
      "value": 79.3734336371188
    },
    "1w": {
      "value": 66.47952245249974
    }
  },
  "stoch": {
    "1d": {
      "valueK": 66.19888080246128,
      "valueD": 75.74770400798961
    },
    "1w": {
      "valueK": 93.06684069218295,
      "valueD": 94.94145856708052
    }
  },
  "bbands": {
    "1d": {
      "valueUpperBand": 328.3881287149615,
      "valueMiddleBand": 314.14784000000003,
      "valueLowerBand": 299.90755128503855
    },
    "1w": {
      "valueUpperBand": 342.53184430953326,
      "valueMiddleBand": 280.022625,
      "valueLowerBand": 217.51340569046675
    }
  },
  "obv": {
    "1d": {
      "value": 11930198
    },
    "1w": {
      "value": 59453183
    }
  }
}