{
  "ema": {
    "1d": {
      "value": 569.5752911300208
    },
    "1w": {
      "value": 562.2240288506799
    }
  },
  "macd": {
    "1d": {
      "valueMACD": 0.8462764119935855,
      "valueMACDSignal": 0.9947619966778685,
      "valueMACDHist": -0.14848558468428297
    },
    "1w": {
      "valueMACD": 4.924300944933179,
      "valueMACDSignal": 5.131722493897518,
      "valueMACDHist": -0.20742154896433895
    }
  },
  "rsi": {
    "1d": {
      "value": 50.49646099687162
    },
    "1w": {
      "value": 53.06696933172069
    }
  },
  "stoch": {
    "1d": {
      "valueK": 49.49328019300854,
      "valueD": 65.11832473936674
    },
    "1w": {
      "valueK": 42.661444574815356,
      "valueD": 50.86113062822303
    }
  },
  "bbands": {
    "1d": {
      "valueUpperBand": 580.9061697711821,
      "valueMiddleBand": 571.4575300000006,
      "valueLowerBand": 562.008890228819
    },
    "1w": {
      "valueUpperBand": 590.8836342982936,
      "valueMiddleBand": 570.1041749999996,
      "valueLowerBand": 549.3247157017056
    }
  },
  "obv": {
    "1d": {
      "value": 13815654
    },
    "1w": {
      "value": 78745229
    }
  }
}