{
  "ema": {
    "1d": {
      "value": 134.7347415399578
    },
    "1w": {
      "value": 128.30582293700533
    }
  },
  "macd": {
    "1d": {
      "valueMACD": 2.763213513443418,
      "valueMACDSignal": 2.42984598288719,
      "valueMACDHist": 0.3333675305562278
    },
    "1w": {
      "valueMACD": 4.568142319082483,
      "valueMACDSignal": 3.6669781849498997,
      "valueMACDHist": 0.9011641341325833
    }
  },
  "rsi": {
    "1d": {
      "value": 66.85880878157803
    },
    "1w": {
      "value": 62.92085719183067
    }
  },
  "stoch": {
    "1d": {
      "valueK": 74.59605526003524,
      "valueD": 75.64203758979664
    },
    "1w": {
      "valueK": 90.00505516855601,
      "valueD": 86.73388294494173
    }
  },
  "bbands": {
    "1d": {
      "valueUpperBand": 142.02440790020697,
      "valueMiddleBand": 136.45045500000012,
      "valueLowerBand": 130.87650209979327
    },
    "1w": {
      "valueUpperBand": 142.07266967323025,
      "valueMiddleBand": 130.49149999999986,
      "valueLowerBand": 118.91033032676947
    }
  },
  "obv": {
    "1d": {
      "value": 48331974
    },
    "1w": {
      "value": 240143975
    }
  }
}