{
  "ema": {
    "1d": {
      "value": 76.02075409105547
    },
    "1w": {
      "value": 77.51049135736136
    }
  },
  "macd": {
    "1d": {
      "valueMACD": 0.33824675972056184,
      "valueMACDSignal": 0.7629260659173032,
      "valueMACDHist": -0.4246793061967413
    },
    "1w": {
      "valueMACD": -1.044398722008225,
      "valueMACDSignal": -1.8051515830014981,
      "valueMACDHist": 0.7607528609932732
    }
  },
  "rsi": {
    "1d": {
      "value": 49.02990247311866
    },
    "1w": {
      "value": 47.37196686809234
    }
  },
  "stoch": {
    "1d": {
      "valueK": 33.796810138730784,
      "valueD": 27.80194570500949
    },
    "1w": {
      "valueK": 39.719241601809124,
      "valueD": 52.64830350302418
    }
  },
  "bbands": {
    "1d": {
      "valueUpperBand": 79.40133809490924,
      "valueMiddleBand": 77.07903999999999,
      "valueLowerBand": 74.75674190509075
    },
    "1w": {
      "valueUpperBand": 85.76884385525264,
      "valueMiddleBand": 74.94704000000002,
      "valueLowerBand": 64.12523614474739
    }
  },
  "obv": {
    "1d": {
      "value": -33737
    },
    "1w": {
      "value": 151605275
    }
  }
}