{
  "ema": {
    "1d": {
      "value": 111.73592741595013
    },
    "1w": {
      "value": 100.62733355004578
    }
  },
  "macd": {
    "1d": {
      "valueMACD": 8.941964588512036,
      "valueMACDSignal": 8.736714862282632,
      "valueMACDHist": 0.20524972622940396
    },
    "1w": {
      "valueMACD": 7.104814408515878,
      "valueMACDSignal": 2.132114511455322,
      "valueMACDHist": 4.972699897060556
    }
  },
  "rsi": {
    "1d": {
      "value": 74.32076258146945
    },
    "1w": {
      "value": 66.92469474583379
    }
  },
  "stoch": {
    "1d": {
      "valueK": 48.62281972822651,
      "valueD": 67.14494292642486
    },
    "1w": {
      "valueK": 83.67527415620437,
      "valueD": 88.6654728203846
    }
  },
  "bbands": {
    "1d": {
      "valueUpperBand": 134.33477386518362,
      "valueMiddleBand": 117.11943999999983,
      "valueLowerBand": 99.90410613481605
    },
    "1w": {
      "valueUpperBand": 132.34307897318777,
      "valueMiddleBand": 97.64772000000004,
      "valueLowerBand": 62.95236102681229
    }
  },
  "obv": {
    "1d": {
      "value": 75885291
    },
    "1w": {
      "value": 478494224
    }
  }
}