{
  "ema": {
    "1d": {
      "value": 158.05561577905928
    },
    "1w": {
      "value": 150.95105758427079
    }
  },
  "macd": {
    "1d": {
      "valueMACD": 4.003982553949129,
      "valueMACDSignal": 4.158909601421891,
      "valueMACDHist": -0.15492704747276242
    },
    "1w": {
      "valueMACD": 4.251598996681537,
      "valueMACDSignal": 1.6192665427772306,
      "valueMACDHist": 2.632332453904306
    }
  },
  "rsi": {
    "1d": {
      "value": 67.8981902410402
    },
    "1w": {
      "value": 61.53950452156792
    }
  },
  "stoch": {
    "1d": {
      "valueK": 84.33540936659752,
      "valueD": 87.96948151043311
    },
    "1w": {
      "valueK": 84.64933879995316,
      "valueD": 84.90809075714463
    }
  },
  "bbands": {
    "1d": {
      "valueUpperBand": 166.88350642873917,
      "valueMiddleBand": 162.10592999999997,
      "valueLowerBand": 157.32835357126078
    },
    "1w": {
      "valueUpperBand": 173.86799085429539,
      "valueMiddleBand": 149.97699999999995,
      "valueLowerBand": 126.0860091457045
    }
  },
  "obv": {
    "1d": {
      "value": 2597869
    },
    "1w": {
      "value": 140490574
    }
  }
}