{
  "ema": {
    "1d": {
      "value": 96.76204660789529
    },
    "1w": {
      "value": 111.92686089476202
    }
  },
  "macd": {
    "1d": {
      "valueMACD": 0.12850223054738308,
      "valueMACDSignal": -0.4472561857705479,
      "valueMACDHist": 0.575758416317931
    },
    "1w": {
      "valueMACD": -9.998680323286564,
      "valueMACDSignal": -11.013025989387893,
      "valueMACDHist": 1.0143456661013293
    }
  },
  "rsi": {
    "1d": {
      "value": 53.19073395706641
    },
    "1w": {
      "value": 35.54485594121534
    }
  },
  "stoch": {
    "1d": {
      "valueK": 68.75680239697112,
      "valueD": 73.1072203083907
    },
    "1w": {
      "valueK": 48.62790669074343,
      "valueD": 40.94944559942348
    }
  },
  "bbands": {
    "1d": {
      "valueUpperBand": 100.19123322135533,
      "valueMiddleBand": 96.07043499999995,
      "valueLowerBand": 91.94963677864456
    },
    "1w": {
      "valueUpperBand": 129.1674677476815,
      "valueMiddleBand": 104.266435,
      "valueLowerBand": 79.36540225231849
    }
  },
  "obv": {
    "1d": {
      "value": -256478547
    },
    "1w": {
      "value": -287325910
    }
  }
}