{
  "ema": {
    "1d": {
      "value": 127.74997816339209
    },
    "1w": {
      "value": 123.3662175664049
    }
  },
  "macd": {
    "1d": {
      "valueMACD": -0.5591374481716116,
      "valueMACDSignal": -0.0010506420016235807,
      "valueMACDHist": -0.558086806169988
    },
    "1w": {
      "valueMACD": 2.2660292127290234,
      "valueMACDSignal": 2.4885861273289587,
      "valueMACDHist": -0.22255691459993532
    }
  },
  "rsi": {
    "1d": {
      "value": 39.83231807822064
    },
    "1w": {
      "value": 50.893560448043715
    }
  },
  "stoch": {
    "1d": {
      "valueK": 12.347219729484934,
      "valueD": 32.795390678545715
    },
    "1w": {
      "valueK": 17.456343166758973,
      "valueD": 23.123532324804014
    }
  },
  "bbands": {
    "1d": {
      "valueUpperBand": 135.04278619840386,
      "valueMiddleBand": 128.97348500000004,
      "valueLowerBand": 122.90418380159623
    },
    "1w": {
      "valueUpperBand": 134.1167590577558,
      "valueMiddleBand": 124.54198500000003,
      "valueLowerBand": 114.96721094224426
    }
  },
  "obv": {
    "1d": {
      "value": 103790604
    },
    "1w": {
      "value": 701336055
    }
  }
}