{
  "ema": {
    "1d": {
      "value": 50.734650070502056
    },
    "1w": {
      "value": 86.33739509424178
    }
  },
  "macd": {
    "1d": {
      "valueMACD": -0.12901066727383892,
      "valueMACDSignal": -0.3837715949435855,
      "valueMACDHist": 0.25476092766974656
    },
    "1w": {
      "valueMACD": -24.697576246585662,
      "valueMACDSignal": -32.01584499769462,
      "valueMACDHist": 7.31826875110896
    }
  },
  "rsi": {
    "1d": {
      "value": 53.82060185992855
    },
    "1w": {
      "value": 25.568623157546348
    }
  },
  "stoch": {
    "1d": {
      "valueK": 71.64338298236599,
      "valueD": 73.57888367891547
    },
    "1w": {
      "valueK": 50.0314767112875,
      "valueD": 39.59775419327783
    }
  },
  "bbands": {
    "1d": {
      "valueUpperBand": 53.2869744682672,
      "valueMiddleBand": 50.45584499999983,
      "valueLowerBand": 47.62471553173246
    },
    "1w": {
      "valueUpperBand": 57.45572814914212,
      "valueMiddleBand": 52.36684499999995,
      "valueLowerBand": 47.27796185085778
    }
  },
  "obv": {
    "1d": {
      "value": 58683252
    },
    "1w": {
      "value": 669846471
    }
  }
}