{
  "ema": {
    "1d": {
      "value": 56.509043777832765
    },
    "1w": {
      "value": 58.23948669891297
    }
  },
  "macd": {
    "1d": {
      "valueMACD": -0.6661932012833063,
      "valueMACDSignal": -0.7874441680946968,
      "valueMACDHist": 0.12125096681139047
    },
    "1w": {
      "valueMACD": -1.044658919996614,
      "valueMACDSignal": -0.551937770776099,
      "valueMACDHist": -0.49272114922051513
    }
  },
  "rsi": {
    "1d": {
      "value": 41.31284539792118
    },
    "1w": {
      "value": 40.12198080387168
    }
  },
  "stoch": {
    "1d": {
      "valueK": 44.70436823377988,
      "valueD": 39.056105140663966
    },
    "1w": {
      "valueK": 34.99020382020914,
      "valueD": 31.197965501355185
    }
  },
  "bbands": {
    "1d": {
      "valueUpperBand": 56.66459148445137,
      "valueMiddleBand": 55.70400000000002,
      "valueLowerBand": 54.74340851554867
    },
    "1w": {
      "valueUpperBand": 63.620917007864854,
      "valueMiddleBand": 58.65475000000003,
      "valueLowerBand": 53.6885829921352
    }
  },
  "obv": {
    "1d": {
      "value": 25319644
    },
    "1w": {
      "value": 38883840
    }
  }
}