{
  "ema": {
    "1d": {
      "value": 43.342059485394856
    },
    "1w": {
      "value": 44.027156448146634
    }
  },
  "macd": {
    "1d": {
      "valueMACD": 0.6929901915644479,
      "valueMACDSignal": 0.6999925328194043,
      "valueMACDHist": -0.007002341254956468
    },
    "1w": {
      "valueMACD": -0.5631627757910991,
      "valueMACDSignal": -1.0145805311632752,
      "valueMACDHist": 0.4514177553721761
    }
  },
  "rsi": {
    "1d": {
      "value": 55.71647911656004
    },
    "1w": {
      "value": 50.821197341131985
    }
  },
  "stoch": {
    "1d": {
      "valueK": 69.88289141414141,
      "valueD": 77.66161596420746
    },
    "1w": {
      "valueK": 73.62698435278945,
      "valueD": 77.38683982000873
    }
  },
  "bbands": {
    "1d": {
      "valueUpperBand": 45.416975225159206,
      "valueMiddleBand": 44.04598999999999,
      "valueLowerBand": 42.67500477484077
    },
    "1w": {
      "valueUpperBand": 49.02665511774312,
      "valueMiddleBand": 43.03749000000002,
      "valueLowerBand": 37.04832488225692
    }
  },
  "obv": {
    "1d": {
      "value": 90984040
    },
    "1w": {
      "value": 14842912
    }
  }
}