{
  "ema": {
    "1d": {
      "value": 359.38137696475445
    },
    "1w": {
      "value": 339.20082085511274
    }
  },
  "macd": {
    "1d": {
      "valueMACD": 5.867954229483587,
      "valueMACDSignal": 5.687995423788793,
      "valueMACDHist": 0.1799588056947936
    },
    "1w": {
      "valueMACD": 13.729593489671004,
      "valueMACDSignal": 12.113967547962412,
      "valueMACDHist": 1.6156259417085916
    }
  },
  "rsi": {
    "1d": {
      "value": 67.20080560387484
    },
    "1w": {
      "value": 64.5662786324133
    }
  },
  "stoch": {
    "1d": {
      "valueK": 78.24715853031776,
      "valueD": 76.37482738446532
    },
    "1w": {
      "valueK": 89.9657369278616,
      "valueD": 87.17591679814366
    }
  },
  "bbands": {
    "1d": {
      "valueUpperBand": 374.27946458312357,
      "valueMiddleBand": 364.1099949999999,
      "valueLowerBand": 353.94052541687626
    },
    "1w": {
      "valueUpperBand": 379.5299505625558,
      "valueMiddleBand": 348.800245,
      "valueLowerBand": 318.0705394374442
    }
  },
  "obv": {
    "1d": {
      "value": 257376658
    },
    "1w": {
      "value": 313649693
    }
  }
}