{
  "ema": {
    "1d": {
      "value": 127.3800292709055
    },
    "1w": {
      "value": 128.95491364617484
    }
  },
  "macd": {
    "1d": {
      "valueMACD": 1.901422491510914,
      "valueMACDSignal": 1.9680407648399427,
      "valueMACDHist": -0.06661827332902881
    },
    "1w": {
      "valueMACD": -0.8808097984589125,
      "valueMACDSignal": -2.7680105807799618,
      "valueMACDHist": 1.8872007823210493
    }
  },
  "rsi": {
    "1d": {
      "value": 61.95353800551264
    },
    "1w": {
      "value": 54.48186595067702
    }
  },
  "stoch": {
    "1d": {
      "valueK": 73.56582820065445,
      "valueD": 56.384662382459304
    },
    "1w": {
      "valueK": 60.58706056764555,
      "valueD": 62.403266093581514
    }
  },
  "bbands": {
    "1d": {
      "valueUpperBand": 136.29058629547495,
      "valueMiddleBand": 130.40989,
      "valueLowerBand": 124.52919370452501
    },
    "1w": {
      "valueUpperBand": 144.25443878003298,
      "valueMiddleBand": 126.03139000000009,
      "valueLowerBand": 107.80834121996719
    }
  },
  "obv": {
    "1d": {
      "value": -15155408
    },
    "1w": {
      "value": 420160586
    }
  }
}