{
  "ema": {
    "1d": {
      "value": 263.3256993084628
    },
    "1w": {
      "value": 257.57109741259524
    }
  },
  "macd": {
    "1d": {
      "valueMACD": 1.186727813654386,
      "valueMACDSignal": 2.5619482191662097,
      "valueMACDHist": -1.3752204055118238
    },
    "1w": {
      "valueMACD": 2.393856629847903,
      "valueMACDSignal": 0.3092438037249129,
      "valueMACDHist": 2.0846128261229904
    }
  },
  "rsi": {
    "1d": {
      "value": 45.848520566030935
    },
    "1w": {
      "value": 52.22328615657879
    }
  },
  "stoch": {
    "1d": {
      "valueK": 29.561065792880456,
      "valueD": 50.377946646366446
    },
    "1w": {
      "valueK": 20.4125535481468,
      "valueD": 39.026154308494334
    }
  },
  "bbands": {
    "1d": {
      "valueUpperBand": 275.85205938755735,
      "valueMiddleBand": 267.66384999999985,
      "valueLowerBand": 259.47564061244236
    },
    "1w": {
      "valueUpperBand": 283.77415250619623,
      "valueMiddleBand": 251.95032000000003,
      "valueLowerBand": 220.12648749380384
    }
  },
  "obv": {
    "1d": {
      "value": 7004653
    },
    "1w": {
      "value": 61346120
    }
  }
}