{
  "ema": {
    "1d": {
      "value": 43.579481565580146
    },
    "1w": {
      "value": 42.85134251320314
    }
  },
  "macd": {
    "1d": {
      "valueMACD": 0.08376079091734567,
      "valueMACDSignal": 0.05638993726512692,
      "valueMACDHist": 0.027370853652218752
    },
    "1w": {
      "valueMACD": 0.5534993786825311,
      "valueMACDSignal": 0.5738095116495912,
      "valueMACDHist": -0.02031013296706008
    }
  },
  "rsi": {
    "1d": {
      "value": 51.232216404380345
    },
    "1w": {
      "value": 53.515554325885105
    }
  },
  "stoch": {
    "1d": {
      "valueK": 65.79720268090252,
      "valueD": 63.390162730150394
    },
    "1w": {
      "valueK": 64.20890146642658,
      "valueD": 68.6230888691616
    }
  },
  "bbands": {
    "1d": {
      "valueUpperBand": 44.53508676381457,
      "valueMiddleBand": 43.613,
      "valueLowerBand": 42.69091323618543
    },
    "1w": {
      "valueUpperBand": 45.9539199263548,
      "valueMiddleBand": 43.398499999999984,
      "valueLowerBand": 40.84308007364517
    }
  },
  "obv": {
    "1d": {
      "value": 266891201
    },
    "1w": {
      "value": -945540189
    }
  }
}