{
  "ema": {
    "1d": {
      "value": 349.5948303304535
    },
    "1w": {
      "value": 355.53106444257696
    }
  },
  "macd": {
    "1d": {
      "valueMACD": 0.10352597595039015,
      "valueMACDSignal": 0.7899289738592412,
      "valueMACDHist": -0.6864029979088511
    },
    "1w": {
      "valueMACD": -4.790816608382784,
      "valueMACDSignal": -4.024914275990285,
      "valueMACDHist": -0.7659023323924989
    }
  },
  "rsi": {
    "1d": {
      "value": 48.335892970589306
    },
    "1w": {
      "value": 46.71134365204186
    }
  },
  "stoch": {
    "1d": {
      "valueK": 34.10285101356212,
      "valueD": 51.87570239706582
    },
    "1w": {
      "valueK": 45.768737457309044,
      "valueD": 50.6605400215003
    }
  },
  "bbands": {
    "1d": {
      "valueUpperBand": 361.4650796671329,
      "valueMiddleBand": 351.29121499999997,
      "valueLowerBand": 341.11735033286703
    },
    "1w": {
      "valueUpperBand": 400.8867584497655,
      "valueMiddleBand": 356.79576000000026,
      "valueLowerBand": 312.704761550235
    }
  },
  "obv": {
    "1d": {
      "value": -4718718
    },
    "1w": {
      "value": 19352206
    }
  }
}