{
  "ema": {
    "1d": {
      "value": 50.43150005812363
    },
    "1w": {
      "value": 52.59877453571282
    }
  },
  "macd": {
    "1d": {
      "valueMACD": 2.94717159071061,
      "valueMACDSignal": 2.834412541447512,
      "valueMACDHist": 0.1127590492630981
    },
    "1w": {
      "valueMACD": -1.7544080704330867,
      "valueMACDSignal": -3.985338649527243,
      "valueMACDHist": 2.2309305790941565
    }
  },
  "rsi": {
    "1d": {
      "value": 72.0745208385635
    },
    "1w": {
      "value": 53.44680812974385
    }
  },
  "stoch": {
    "1d": {
      "valueK": 66.42501664356026,
      "valueD": 76.3560126767383
    },
    "1w": {
      "valueK": 81.03984607403483,
      "valueD": 85.98085810712047
    }
  },
  "bbands": {
    "1d": {
      "valueUpperBand": 57.22150309116261,
      "valueMiddleBand": 52.38069000000007,
      "valueLowerBand": 47.539876908837535
    },
    "1w": {
      "valueUpperBand": 66.91218426805834,
      "valueMiddleBand": 47.715689999999995,
      "valueLowerBand": 28.519195731941647
    }
  },
  "obv": {
    "1d": {
      "value": 2724215
    },
    "1w": {
      "value": 280099939
    }
  }
}