{
  "ema": {
    "1d": {
      "value": 106.33556100458553
    },
    "1w": {
      "value": 103.42463865965495
    }
  },
  "macd": {
    "1d": {
      "valueMACD": -0.3993763706611162,
      "valueMACDSignal": -0.3068497937001339,
      "valueMACDHist": -0.09252657696098232
    },
    "1w": {
      "valueMACD": 2.1709417827666897,
      "valueMACDSignal": 2.8373840704026145,
      "valueMACDHist": -0.6664422876359248
    }
  },
  "rsi": {
    "1d": {
      "value": 46.79027777534206
    },
    "1w": {
      "value": 55.04916639993957
    }
  },
  "stoch": {
    "1d": {
      "valueK": 43.461875723301205,
      "valueD": 33.988158351057834
    },
    "1w": {
      "valueK": 54.46432936331863,
      "valueD": 62.25846872295276
    }
  },
  "bbands": {
    "1d": {
      "valueUpperBand": 108.56395680273198,
      "valueMiddleBand": 106.01697500000003,
      "valueLowerBand": 103.46999319726808
    },
    "1w": {
      "valueUpperBand": 109.33648309254033,
      "valueMiddleBand": 106.50601000000002,
      "valueLowerBand": 103.6755369074597
    }
  },
  "obv": {
    "1d": {
      "value": 39081851
    },
    "1w": {
      "value": 65083186
    }
  }
}