{
  "ema": {
    "1d": {
      "value": 59.34275245033259
    },
    "1w": {
      "value": 56.81197368061782
    }
  },
  "macd": {
    "1d": {
      "valueMACD": 0.3581647239503951,
      "valueMACDSignal": 0.47149358208717146,
      "valueMACDHist": -0.11332885813677634
    },
    "1w": {
      "valueMACD": 1.7492819674415756,
      "valueMACDSignal": 1.8868523892470963,
      "valueMACDHist": -0.1375704218055207
    }
  },
  "rsi": {
    "1d": {
      "value": 49.896651928681884
    },
    "1w": {
      "value": 55.686080875049285
    }
  },
  "stoch": {
    "1d": {
      "valueK": 24.106089863228306,
      "valueD": 29.901516315583933
    },
    "1w": {
      "valueK": 71.77703134356463,
      "valueD": 80.26033003134656
    }
  },
  "bbands": {
    "1d": {
      "valueUpperBand": 61.633968790010115,
      "valueMiddleBand": 59.545029999999976,
      "valueLowerBand": 57.456091209989836
    },
    "1w": {
      "valueUpperBand": 61.945369227718565,
      "valueMiddleBand": 58.23577999999999,
      "valueLowerBand": 54.52619077228142
    }
  },
  "obv": {
    "1d": {
      "value": 184840124
    },
    "1w": {
      "value": 853189991
    }
  }
}