{
  "ema": {
    "1d": {
      "value": 96.85276139549927
    },
    "1w": {
      "value": 93.47245636560567
    }
  },
  "macd": {
    "1d": {
      "valueMACD": 0.488621648898544,
      "valueMACDSignal": 0.8572942921113558,
      "valueMACDHist": -0.3686726432128118
    },
    "1w": {
      "valueMACD": 2.1414067428470958,
      "valueMACDSignal": 2.016500511207897,
      "valueMACDHist": 0.12490623163919867
    }
  },
  "rsi": {
    "1d": {
      "value": 44.2140935828587
    },
    "1w": {
      "value": 53.062271926504
    }
  },
  "stoch": {
    "1d": {
      "valueK": 17.077690210315364,
      "valueD": 18.41736568108095
    },
    "1w": {
      "valueK": 50.86000625134082,
      "valueD": 67.92629713023278
    }
  },
  "bbands": {
    "1d": {
      "valueUpperBand": 99.92241301383343,
      "valueMiddleBand": 97.59450000000002,
      "valueLowerBand": 95.26658698616662
    },
    "1w": {
      "valueUpperBand": 105.46179322708802,
      "valueMiddleBand": 94.48775000000006,
      "valueLowerBand": 83.5137067729121
    }
  },
  "obv": {
    "1d": {
      "value": 665396047
    },
    "1w": {
      "value": 1579499647
    }
  }
}