{
  "ema": {
    "1d": {
      "value": 26.406471621779843
    },
    "1w": {
      "value": 27.980450511686378
    }
  },
  "macd": {
    "1d": {
      "valueMACD": 0.23108007457359037,
      "valueMACDSignal": 0.01668531557202431,
      "valueMACDHist": 0.21439475900156607
    },
    "1w": {
      "valueMACD": -0.9941930781013539,
      "valueMACDSignal": -1.0994833179532693,
      "valueMACDHist": 0.10529023985191532
    }
  },
  "rsi": {
    "1d": {
      "value": 61.680642611815884
    },
    "1w": {
      "value": 47.86426272687906
    }
  },
  "stoch": {
    "1d": {
      "valueK": 84.83125411129417,
      "valueD": 82.98888931414943
    },
    "1w": {
      "valueK": 66.8562958938681,
      "valueD": 52.82904905538975
    }
  },
  "bbands": {
    "1d": {
      "valueUpperBand": 27.54041653011915,
      "valueMiddleBand": 26.224995000000003,
      "valueLowerBand": 24.909573469880858
    },
    "1w": {
      "valueUpperBand": 31.350272547195782,
      "valueMiddleBand": 27.550744999999996,
      "valueLowerBand": 23.75121745280421
    }
  },
  "obv": {
    "1d": {
      "value": -8296845
    },
    "1w": {
      "value": 279478477
    }
  }
}