{
  "ema": {
    "1d": {
      "value": 69.50491582603689
    },
    "1w": {
      "value": 68.34080319863922
    }
  },
  "macd": {
    "1d": {
      "valueMACD": -0.43373168378222715,
      "valueMACDSignal": -0.2763467090319247,
      "valueMACDHist": -0.15738497475030244
    },
    "1w": {
      "valueMACD": 0.7606652520178869,
      "valueMACDSignal": 1.1669520531178765,
      "valueMACDHist": -0.4062868010999896
    }
  },
  "rsi": {
    "1d": {
      "value": 42.52608480199021
    },
    "1w": {
      "value": 48.91208438968789
    }
  },
  "stoch": {
    "1d": {
      "valueK": 32.920451132307576,
      "valueD": 29.440056458297267
    },
    "1w": {
      "valueK": 29.551385660375598,
      "valueD": 40.49354277862896
    }
  },
  "bbands": {
    "1d": {
      "valueUpperBand": 72.30192142470968,
      "valueMiddleBand": 69.72024500000002,
      "valueLowerBand": 67.13856857529036
    },
    "1w": {
      "valueUpperBand": 72.00639212629132,
      "valueMiddleBand": 69.67125000000006,
      "valueLowerBand": 67.3361078737088
    }
  },
  "obv": {
    "1d": {
      "value": 105810916
    },
    "1w": {
      "value": 288010683
    }
  }
}