{
  "ema": {
    "1d": {
      "value": 111.84564284269409
    },
    "1w": {
      "value": 115.04736539048912
    }
  },
  "macd": {
    "1d": {
      "valueMACD": 4.465524722468487,
      "valueMACDSignal": 4.129089913872666,
      "valueMACDHist": 0.3364348085958211
    },
    "1w": {
      "valueMACD": -2.8710944635722626,
      "valueMACDSignal": -6.856610688282804,
      "valueMACDHist": 3.9855162247105413
    }
  },
  "rsi": {
    "1d": {
      "value": 63.89515999763723
    },
    "1w": {
      "value": 54.275615573439836
    }
  },
  "stoch": {
    "1d": {
      "valueK": 83.2960591735353,
      "valueD": 79.8567035282353
    },
    "1w": {
      "valueK": 64.35478441957781,
      "valueD": 66.22046914700006
    }
  },
  "bbands": {
    "1d": {
      "valueUpperBand": 122.66113423069517,
      "valueMiddleBand": 115.53900000000009,
      "valueLowerBand": 108.416865769305
    },
    "1w": {
      "valueUpperBand": 124.25210398743803,
      "valueMiddleBand": 105.01325000000003,
      "valueLowerBand": 85.77439601256202
    }
  },
  "obv": {
    "1d": {
      "value": -333355149
    },
    "1w": {
      "value": 10299026573
    }
  }
}