{
  "ema": {
    "1d": {
      "value": 95.07125262375827
    },
    "1w": {
      "value": 101.73273994763677
    }
  },
  "macd": {
    "1d": {
      "valueMACD": -1.3210751959340143,
      "valueMACDSignal": -1.8418210828281736,
      "valueMACDHist": 0.5207458868941592
    },
    "1w": {
      "valueMACD": -4.031649380766979,
      "valueMACDSignal": -3.095495268894218,
      "valueMACDHist": -0.9361541118727605
    }
  },
  "rsi": {
    "1d": {
      "value": 48.46378261984502
    },
    "1w": {
      "value": 39.34022198727637
    }
  },
  "stoch": {
    "1d": {
      "valueK": 73.81200583697712,
      "valueD": 76.88141167522222
    },
    "1w": {
      "valueK": 41.14718145721401,
      "valueD": 27.5725218849577
    }
  },
  "bbands": {
    "1d": {
      "valueUpperBand": 97.01850341840121,
      "valueMiddleBand": 93.49522,
      "valueLowerBand": 89.9719365815988
    },
    "1w": {
      "valueUpperBand": 114.32053012477326,
      "valueMiddleBand": 101.20324000000005,
      "valueLowerBand": 88.08594987522685
    }
  },
  "obv": {
    "1d": {
      "value": 17581037
    },
    "1w": {
      "value": -51436296
    }
  }
}