{
  "ema": {
    "1d": {
      "value": 163.63241679185745
    },
    "1w": {
      "value": 165.71034962654755
    }
  },
  "macd": {
    "1d": {
      "valueMACD": 2.475522099525193,
      "valueMACDSignal": 2.7700999892393803,
      "valueMACDHist": -0.2945778897141871
    },
    "1w": {
      "valueMACD": -0.9741421142778393,
      "valueMACDSignal": -2.948196135436124,
      "valueMACDHist": 1.9740540211582847
    }
  },
  "rsi": {
    "1d": {
      "value": 54.47318648196746
    },
    "1w": {
      "value": 51.25963759461513
    }
  },
  "stoch": {
    "1d": {
      "valueK": 40.11390509132451,
      "valueD": 44.17978545875345
    },
    "1w": {
      "valueK": 76.11110429383473,
      "valueD": 85.09600109424802
    }
  },
  "bbands": {
    "1d": {
      "valueUpperBand": 172.73866686184635,
      "valueMiddleBand": 165.22106499999992,
      "valueLowerBand": 157.7034631381535
    },
    "1w": {
      "valueUpperBand": 175.60966226118893,
      "valueMiddleBand": 161.78550499999997,
      "valueLowerBand": 147.961347738811
    }
  },
  "obv": {
    "1d": {
      "value": 27445080
    },
    "1w": {
      "value": 335827286
    }
  }
}